ID;ESPACIOS CULTURALES;Museo de Antioquia;Biblioteca Pública Piloto;Jardín Botánico;Parque Explora;Planetario
01FN02;Museo de Antioquia;1;2;2;2;2
01FN02;Biblioteca Pública Piloto;0,5;1;3;3;3
01FN02;Jardín Botánico;0,5;0,333333333;1;0,25;0,25
01FN02;Parque Explora;0,5;0,333333333;4;1;1
01FN02;Planetario;0,5;0,333333333;4;1;1
01IN03;Museo de Antioquia;1;2;2;2;2
01IN03;Biblioteca Pública Piloto;0,5;1;4;7;3
01IN03;Jardín Botánico;0,5;0,25;1;0,333333333;2
01IN03;Parque Explora;0,5;0,142857143;3;1;2
01IN03;Planetario;0,5;0,333333333;0,5;0,5;1
01FN04;Museo de Antioquia;1;2;4;4;4
01FN04;Biblioteca Pública Piloto;0,5;1;1;1;2
01FN04;Jardín Botánico;0,25;1;1;1;2
01FN04;Parque Explora;0,25;1;1;1;2
01FN04;Planetario;0,25;0,5;0,5;0,5;1
01IN05;Museo de Antioquia;1;1;3;5;4
01IN05;Biblioteca Pública Piloto;1;1;2;3;2
01IN05;Jardín Botánico;0,333333333;0,5;1;4;2
01IN05;Parque Explora;0,2;0,333333333;0,25;1;3
01IN05;Planetario;0,25;0,5;0,5;0,333333333;1
01FN06;Museo de Antioquia;1;4;4;6;6
01FN06;Biblioteca Pública Piloto;0,25;1;4;6;6
01FN06;Jardín Botánico;0,25;0,25;1;2;2
01FN06;Parque Explora;0,166666667;0,166666667;0,5;1;1
01FN06;Planetario;0,166666667;0,166666667;0,5;1;1
01FN07;Museo de Antioquia;1;1;2;4;2
01FN07;Biblioteca Pública Piloto;1;1;4;2;4
01FN07;Jardín Botánico;0,5;0,25;1;0,5;0,5
01FN07;Parque Explora;0,25;0,5;2;1;1
01FN07;Planetario;0,5;0,25;2;1;1
01FN08;Museo de Antioquia;1;3;4;3;6
01FN08;Biblioteca Pública Piloto;0,333333333;1;4;2;7
01FN08;Jardín Botánico;0,25;0,25;1;2;2
01FN08;Parque Explora;0,333333333;0,5;0,5;1;1
01FN08;Planetario;0,166666667;0,142857143;0,5;1;1
01FN09;Museo de Antioquia;1;0,111111111;0,2;0,142857143;0,166666667
01FN09;Biblioteca Pública Piloto;9;1;8;6;5
01FN09;Jardín Botánico;5;0,125;1;0,166666667;0,2
01FN09;Parque Explora;7;0,166666667;6;1;6
01FN09;Planetario;6;0,2;5;0,166666667;1
01FN10;Museo de Antioquia;1;8;5;7;7
01FN10;Biblioteca Pública Piloto;0,125;1;7;5;5
01FN10;Jardín Botánico;0,2;0,142857143;1;7;7
01FN10;Parque Explora;0,142857143;0,2;0,142857143;1;5
01FN10;Planetario;0,142857143;0,2;0,142857143;0,2;1
01IN11;Museo de Antioquia;1;1;2;2;2
01IN11;Biblioteca Pública Piloto;1;1;6;6;6
01IN11;Jardín Botánico;0,5;0,166666667;1;0,333333333;2
01IN11;Parque Explora;0,5;0,166666667;3;1;2
01IN11;Planetario;0,5;0,166666667;0,5;0,5;1
01FN12;Museo de Antioquia;1;7;8;8;8
01FN12;Biblioteca Pública Piloto;0,142857143;1;7;7;7
01FN12;Jardín Botánico;0,125;0,142857143;1;1;1
01FN12;Parque Explora;0,125;0,142857143;1;1;1
01FN12;Planetario;0,125;0,142857143;1;1;1
01IN13;Museo de Antioquia;1;0,25;0,25;0,25;0,25
01IN13;Biblioteca Pública Piloto;4;1;2;2;2
01IN13;Jardín Botánico;4;0,5;1;1;1
01IN13;Parque Explora;4;0,5;1;1;1
01IN13;Planetario;4;0,5;1;1;1
01FN14;Museo de Antioquia;1;8;9;9;9
01FN14;Biblioteca Pública Piloto;0,125;1;7;7;7
01FN14;Jardín Botánico;0,111111111;0,142857143;1;1;1
01FN14;Parque Explora;0,111111111;0,142857143;1;1;1
01FN14;Planetario;0,111111111;0,142857143;1;1;1
01IN16;Museo de Antioquia;1;1;4;4;4
01IN16;Biblioteca Pública Piloto;1;1;5;3;3
01IN16;Jardín Botánico;0,25;0,2;1;1;1
01IN16;Parque Explora;0,25;0,333333333;1;1;1
01IN16;Planetario;0,25;0,333333333;1;1;1
01FN17;Museo de Antioquia;1;0,125;0,166666667;0,111111111;0,125
01FN17;Biblioteca Pública Piloto;8;1;0,142857143;6;8
01FN17;Jardín Botánico;6;7;1;1;1
01FN17;Parque Explora;9;0,166666667;1;1;1
01FN17;Planetario;8;0,125;1;1;1
01FN18;Museo de Antioquia;1;0,333333333;2;2;2
01FN18;Biblioteca Pública Piloto;3;1;3;3;3
01FN18;Jardín Botánico;0,5;0,333333333;1;1;1
01FN18;Parque Explora;0,5;0,333333333;1;1;1
01FN18;Planetario;0,5;0,333333333;1;1;1
01IN19;Museo de Antioquia;1;1;2;3;3
01IN19;Biblioteca Pública Piloto;1;1;5;2;4
01IN19;Jardín Botánico;0,5;0,2;1;1;1
01IN19;Parque Explora;0,333333333;0,5;1;1;1
01IN19;Planetario;0,333333333;0,25;1;1;1
01IN20;Museo de Antioquia;1;1;1;1;1
01IN20;Biblioteca Pública Piloto;1;1;1;1;1
01IN20;Jardín Botánico;1;1;1;1;1
01IN20;Parque Explora;1;1;1;1;1
01IN20;Planetario;1;1;1;1;1
01IN21;Museo de Antioquia;1;0,25;1;5;3
01IN21;Biblioteca Pública Piloto;4;1;1;6;5
01IN21;Jardín Botánico;1;1;1;1;1
01IN21;Parque Explora;0,2;0,166666667;1;1;1
01IN21;Planetario;0,333333333;0,2;1;1;1
01IN22;Museo de Antioquia;1;0,2;1;1;1
01IN22;Biblioteca Pública Piloto;5;1;3;3;3
01IN22;Jardín Botánico;1;0,333333333;1;1;1
01IN22;Parque Explora;1;0,333333333;1;1;1
01IN22;Planetario;1;0,333333333;1;1;1
01FN23;Museo de Antioquia;1;3;2;2;2
01FN23;Biblioteca Pública Piloto;0,333333333;1;6;4;4
01FN23;Jardín Botánico;0,5;0,166666667;1;6;6
01FN23;Parque Explora;0,5;0,25;0,166666667;1;1
01FN23;Planetario;0,5;0,25;0,166666667;1;1
01FN24;Museo de Antioquia;1;2;2;2;2
01FN24;Biblioteca Pública Piloto;0,5;1;4;4;4
01FN24;Jardín Botánico;0,5;0,25;1;2;2
01FN24;Parque Explora;0,5;0,25;0,5;1;1
01FN24;Planetario;0,5;0,25;0,5;1;1
01FN25;Museo de Antioquia;1;3;4;4;4
01FN25;Biblioteca Pública Piloto;0,333333333;1;3;3;3
01FN25;Jardín Botánico;0,25;0,333333333;1;2;2
01FN25;Parque Explora;0,25;0,333333333;0,5;1;3
01FN25;Planetario;0,25;0,333333333;0,5;0,333333333;1
02FN01;Museo de Antioquia;1;1;3;0,333333333;5
02FN01;Biblioteca Pública Piloto;1;1;5;3;5
02FN01;Jardín Botánico;0,333333333;0,2;1;1;1
02FN01;Parque Explora;3;0,333333333;1;1;1
02FN01;Planetario;0,2;0,2;1;1;1
02FN02;Museo de Antioquia;1;0,142857143;0,111111111;0,111111111;7
02FN02;Biblioteca Pública Piloto;7;1;0,142857143;0,142857143;0,142857143
02FN02;Jardín Botánico;9;7;1;0,142857143;9
02FN02;Parque Explora;9;7;7;1;9
02FN02;Planetario;0,142857143;7;0,111111111;0,111111111;1
02FN03;Museo de Antioquia;1;1;5;5;5
02FN03;Biblioteca Pública Piloto;1;1;7;7;5
02FN03;Jardín Botánico;0,2;0,142857143;1;0,2;0,2
02FN03;Parque Explora;0,2;0,142857143;5;1;1
02FN03;Planetario;0,2;0,2;5;1;1
02FN04;Museo de Antioquia;1;9;9;0,111111111;9
02FN04;Biblioteca Pública Piloto;0,111111111;1;7;0,142857143;7
02FN04;Jardín Botánico;0,111111111;0,142857143;1;0,142857143;7
02FN04;Parque Explora;9;7;7;1;7
02FN04;Planetario;0,111111111;0,142857143;0,142857143;0,142857143;1
02FN05;Museo de Antioquia;1;0,2;7;5;3
02FN05;Biblioteca Pública Piloto;5;1;3;1;1
02FN05;Jardín Botánico;0,142857143;0,333333333;1;0,2;0,333333333
02FN05;Parque Explora;0,2;1;5;1;1
02FN05;Planetario;0,333333333;1;3;1;1
02FN06;Museo de Antioquia;1;1;3;1;1
02FN06;Biblioteca Pública Piloto;1;1;5;3;3
02FN06;Jardín Botánico;0,333333333;0,2;1;0,2;0,2
02FN06;Parque Explora;1;0,333333333;5;1;1
02FN06;Planetario;1;0,333333333;5;1;1
02IN07;Museo de Antioquia;1;1;7;3;3
02IN07;Biblioteca Pública Piloto;1;1;3;1;1
02IN07;Jardín Botánico;0,142857143;0,333333333;1;1;1
02IN07;Parque Explora;0,333333333;1;1;1;1
02IN07;Planetario;0,333333333;1;1;1;1
02FN08;Museo de Antioquia;1;1;3;0,2;0,2
02FN08;Biblioteca Pública Piloto;1;1;5;5;5
02FN08;Jardín Botánico;0,333333333;0,2;1;0,333333333;0,333333333
02FN08;Parque Explora;5;0,2;3;1;0,2
02FN08;Planetario;5;0,2;3;5;1
02FN09;Museo de Antioquia;1;1;7;3;3
02FN09;Biblioteca Pública Piloto;1;1;9;1;1
02FN09;Jardín Botánico;0,142857143;0,111111111;1;1;1
02FN09;Parque Explora;0,333333333;1;1;1;1
02FN09;Planetario;0,333333333;1;1;1;1
02FN10;Museo de Antioquia;1;1;1;1;1
02FN10;Biblioteca Pública Piloto;1;1;1;1;1
02FN10;Jardín Botánico;1;1;1;1;1
02FN10;Parque Explora;1;1;1;1;1
02FN10;Planetario;1;1;1;1;1
02FN11;Museo de Antioquia;1;7;7;5;5
02FN11;Biblioteca Pública Piloto;0,142857143;1;5;1;1
02FN11;Jardín Botánico;0,142857143;0,2;1;0,2;0,333333333
02FN11;Parque Explora;0,2;1;5;1;1
02FN11;Planetario;0,2;1;3;1;1
02IN12;Museo de Antioquia;1;0,2;5;3;3
02IN12;Biblioteca Pública Piloto;5;1;7;7;7
02IN12;Jardín Botánico;0,2;0,142857143;1;1;0,2
02IN12;Parque Explora;0,333333333;0,142857143;1;1;1
02IN12;Planetario;0,333333333;0,142857143;5;1;1
02IE13;Museo de Antioquia;1;1;1;1;1
02IE13;Biblioteca Pública Piloto;1;1;1;1;1
02IE13;Jardín Botánico;1;1;1;1;1
02IE13;Parque Explora;1;1;1;1;1
02IE13;Planetario;1;1;1;1;1
02IE14;Museo de Antioquia;1;1;1;1;1
02IE14;Biblioteca Pública Piloto;1;1;1;1;1
02IE14;Jardín Botánico;1;1;1;1;1
02IE14;Parque Explora;1;1;1;1;1
02IE14;Planetario;1;1;1;1;1
02IN15;Museo de Antioquia;1;1;5;1;1
02IN15;Biblioteca Pública Piloto;1;1;5;1;1
02IN15;Jardín Botánico;0,2;0,2;1;1;1
02IN15;Parque Explora;1;1;1;1;1
02IN15;Planetario;1;1;1;1;1
02IN16;Museo de Antioquia;1;7;0,111111111;7;0,111111111
02IN16;Biblioteca Pública Piloto;0,142857143;1;0,142857143;0,142857143;0,111111111
02IN16;Jardín Botánico;9;7;1;9;1
02IN16;Parque Explora;0,142857143;7;0,111111111;1;0,111111111
02IN16;Planetario;9;9;1;9;1
02IN17;Museo de Antioquia;1;1;3;3;3
02IN17;Biblioteca Pública Piloto;1;1;5;1;3
02IN17;Jardín Botánico;0,333333333;0,2;1;0,333333333;0,333333333
02IN17;Parque Explora;0,333333333;1;3;1;1
02IN17;Planetario;0,333333333;0,333333333;3;1;1
02IN18;Museo de Antioquia;1;0,2;0,333333333;0,142857143;0,2
02IN18;Biblioteca Pública Piloto;5;1;0,2;0,142857143;0,2
02IN18;Jardín Botánico;3;5;1;0,142857143;0,142857143
02IN18;Parque Explora;7;7;7;1;5
02IN18;Planetario;5;5;7;0,2;1
02FN19;Museo de Antioquia;1;1;5;0,142857143;0,142857143
02FN19;Biblioteca Pública Piloto;1;1;5;5;5
02FN19;Jardín Botánico;0,2;0,2;1;0,333333333;0,2
02FN19;Parque Explora;7;0,2;3;1;1
02FN19;Planetario;7;0,2;5;1;1
02IN20;Museo de Antioquia;1;1;7;7;9
02IN20;Biblioteca Pública Piloto;1;1;7;9;1
02IN20;Jardín Botánico;0,142857143;0,142857143;1;1;1
02IN20;Parque Explora;0,142857143;0,111111111;1;1;1
02IN20;Planetario;0,111111111;1;1;1;1
02FN21;Museo de Antioquia;1;0,333333333;5;3;1
02FN21;Biblioteca Pública Piloto;3;1;3;1;1
02FN21;Jardín Botánico;0,2;0,333333333;1;0,2;0,2
02FN21;Parque Explora;0,333333333;1;5;1;1
02FN21;Planetario;1;1;5;1;1
02FN22;Museo de Antioquia;1;1;9;3;3
02FN22;Biblioteca Pública Piloto;1;1;9;5;5
02FN22;Jardín Botánico;0,111111111;0,111111111;1;0,333333333;1
02FN22;Parque Explora;0,333333333;0,2;3;1;1
02FN22;Planetario;0,333333333;0,2;1;1;1
02FN23;Museo de Antioquia;1;1;1;1;1
02FN23;Biblioteca Pública Piloto;1;1;1;1;1
02FN23;Jardín Botánico;1;1;1;1;1
02FN23;Parque Explora;1;1;1;1;1
02FN23;Planetario;1;1;1;1;1
02FN24;Museo de Antioquia;1;1;1;1;1
02FN24;Biblioteca Pública Piloto;1;1;1;1;1
02FN24;Jardín Botánico;1;1;1;1;1
02FN24;Parque Explora;1;1;1;1;1
02FN24;Planetario;1;1;1;1;1
03FN26;Museo de Antioquia;1;3;5;1;2
03FN26;Biblioteca Pública Piloto;0,333333333;1;1;0,2;0,333333333
03FN26;Jardín Botánico;0,2;1;1;0,142857143;0,2
03FN26;Parque Explora;1;5;7;1;1
03FN26;Planetario;0,5;3;5;1;1
03FN01;Museo de Antioquia;1;1;1;1;1
03FN01;Biblioteca Pública Piloto;1;1;1;1;1
03FN01;Jardín Botánico;1;1;1;1;1
03FN01;Parque Explora;1;1;1;1;1
03FN01;Planetario;1;1;1;1;1
03FN03;Museo de Antioquia;1;7;5;0,142857143;1
03FN03;Biblioteca Pública Piloto;0,142857143;1;0,142857143;0,142857143;8
03FN03;Jardín Botánico;0,2;7;1;0,142857143;8
03FN03;Parque Explora;7;7;7;1;7
03FN03;Planetario;1;0,125;0,125;0,142857143;1
03FN04;Museo de Antioquia;1;8;6;0,142857143;6
03FN04;Biblioteca Pública Piloto;0,125;1;0,142857143;0,125;0,2
03FN04;Jardín Botánico;0,166666667;7;1;0,142857143;7
03FN04;Parque Explora;7;8;7;1;8
03FN04;Planetario;0,166666667;5;0,142857143;0,125;1
03FN05;Museo de Antioquia;1;0,2;3;0,142857143;0,142857143
03FN05;Biblioteca Pública Piloto;5;1;3;5;3
03FN05;Jardín Botánico;0,333333333;0,333333333;1;0,2;3
03FN05;Parque Explora;7;0,2;5;1;3
03FN05;Planetario;7;0,333333333;0,333333333;0,333333333;1
03FN06;Museo de Antioquia;1;0,125;0,142857143;7;0,125
03FN06;Biblioteca Pública Piloto;8;1;0,25;1;0,142857143
03FN06;Jardín Botánico;7;4;1;7;0,142857143
03FN06;Parque Explora;0,142857143;7;1;1;0,142857143
03FN06;Planetario;8;7;7;7;1
03FN07;Museo de Antioquia;1;9;0,111111111;0,111111111;0,111111111
03FN07;Biblioteca Pública Piloto;0,111111111;1;0,111111111;0,111111111;0,111111111
03FN07;Jardín Botánico;9;9;1;0,142857143;8
03FN07;Parque Explora;9;9;7;1;6
03FN07;Planetario;9;9;0,125;0,166666667;1
03FN08;Museo de Antioquia;1;0,111111111;0,125;0,125;0,125
03FN08;Biblioteca Pública Piloto;9;1;7;0,111111111;7
03FN08;Jardín Botánico;8;0,142857143;1;8;8
03FN08;Parque Explora;8;9;0,125;1;8
03FN08;Planetario;8;0,142857143;0,125;0,125;1
03FN09;Museo de Antioquia;1;7;2;4;1
03FN09;Biblioteca Pública Piloto;7;1;0,333333333;0,5;0,333333333
03FN09;Jardín Botánico;0,5;3;1;4;2
03FN09;Parque Explora;0,25;2;0,25;1;0,5
03FN09;Planetario;1;3;0,5;2;1
03IN10;Museo de Antioquia;1;1;1;1;1
03IN10;Biblioteca Pública Piloto;1;1;1;1;1
03IN10;Jardín Botánico;1;1;1;1;1
03IN10;Parque Explora;1;1;1;1;1
03IN10;Planetario;1;1;1;1;1
03IN11;Museo de Antioquia;1;1;1;1;1
03IN11;Biblioteca Pública Piloto;1;1;1;1;1
03IN11;Jardín Botánico;1;1;1;1;1
03IN11;Parque Explora;1;1;1;1;1
03IN11;Planetario;1;1;1;1;1
03IN12;Museo de Antioquia;1;9;0,111111111;1;1
03IN12;Biblioteca Pública Piloto;0,111111111;1;1;2;0,111111111
03IN12;Jardín Botánico;9;1;1;2;2
03IN12;Parque Explora;1;0,5;0,5;1;1
03IN12;Planetario;1;9;0,5;1;1
03IN13;Museo de Antioquia;1;7;0,111111111;1;1
03IN13;Biblioteca Pública Piloto;0,142857143;1;0,142857143;1;1
03IN13;Jardín Botánico;9;7;1;9;9
03IN13;Parque Explora;1;1;0,111111111;1;0,125
03IN13;Planetario;1;1;0,111111111;8;1
03IN14;Museo de Antioquia;1;1;1;1;1
03IN14;Biblioteca Pública Piloto;1;1;1;1;1
03IN14;Jardín Botánico;1;1;1;1;1
03IN14;Parque Explora;1;1;1;1;1
03IN14;Planetario;1;1;1;1;1
03IN15;Museo de Antioquia;1;9;8;7;0,125
03IN15;Biblioteca Pública Piloto;0,111111111;1;0,142857143;0,125;0,166666667
03IN15;Jardín Botánico;0,125;7;1;0,111111111;0,142857143
03IN15;Parque Explora;0,142857143;8;9;1;8
03IN15;Planetario;8;6;7;0,125;1
03IN16;Museo de Antioquia;1;9;0,125;9;6
03IN16;Biblioteca Pública Piloto;0,111111111;1;0,142857143;1;1
03IN16;Jardín Botánico;8;17;1;6;1
03IN16;Parque Explora;0,111111111;1;5;1;0,2
03IN16;Planetario;0,166666667;1;1;5;1
03IN18;Museo de Antioquia;1;9;9;9;9
03IN18;Biblioteca Pública Piloto;0,111111111;1;1;1;1
03IN18;Jardín Botánico;0,111111111;1;1;1;1
03IN18;Parque Explora;0,111111111;1;1;1;9
03IN18;Planetario;0,111111111;1;1;0,111111111;1
03IN19;Museo de Antioquia;1;8;1;1;1
03IN19;Biblioteca Pública Piloto;0,125;1;0,125;0,125;0,111111111
03IN19;Jardín Botánico;1;8;1;1;1
03IN19;Parque Explora;1;8;1;1;1
03IN19;Planetario;1;9;1;1;1
03IN20;Museo de Antioquia;1;1;1;1;1
03IN20;Biblioteca Pública Piloto;1;1;1;1;1
03IN20;Jardín Botánico;1;1;1;1;1
03IN20;Parque Explora;1;1;1;1;1
03IN20;Planetario;1;1;1;1;1
03IN21;Museo de Antioquia;1;1;1;1;1
03IN21;Biblioteca Pública Piloto;1;1;1;1;1
03IN21;Jardín Botánico;1;1;1;1;1
03IN21;Parque Explora;1;1;1;1;1
03IN21;Planetario;1;1;1;1;1
03IN22;Museo de Antioquia;1;0,111111111;0,111111111;0,111111111;0,111111111
03IN22;Biblioteca Pública Piloto;9;1;1;1;1
03IN22;Jardín Botánico;9;1;1;0,111111111;1
03IN22;Parque Explora;9;1;9;1;9
03IN22;Planetario;9;1;1;0,111111111;1
03FN23;Museo de Antioquia;1;1;1;1;1
03FN23;Biblioteca Pública Piloto;1;1;1;1;1
03FN23;Jardín Botánico;1;1;1;1;1
03FN23;Parque Explora;1;1;1;1;1
03FN23;Planetario;1;1;1;1;1
03FN24;Museo de Antioquia;1;6;0,125;0,111111111;0,2
03FN24;Biblioteca Pública Piloto;0,166666667;1;0,142857143;0,125;0,166666667
03FN24;Jardín Botánico;8;7;0,125;5;1
03FN24;Parque Explora;9;8;1;1;1
03FN24;Planetario;5;6;1;1;1
03FN25;Museo de Antioquia;1;1;0,111111111;1;0,142857143
03FN25;Biblioteca Pública Piloto;1;1;0,333333333;3;0,142857143
03FN25;Jardín Botánico;9;3;1;4;1
03FN25;Parque Explora;1;0,333333333;0,25;1;0,333333333
03FN25;Planetario;7;7;1;3;1
04FN01;Museo de Antioquia;1;5;3;5;5
04FN01;Biblioteca Pública Piloto;0,2;1;5;5;5
04FN01;Jardín Botánico;0,333333333;0,2;1;3;5
04FN01;Parque Explora;0,2;0,2;0,333333333;1;1
04FN01;Planetario;0,2;0,2;0,2;1;1
04FN02;Museo de Antioquia;1;3;3;3;5
04FN02;Biblioteca Pública Piloto;0,333333333;1;5;5;5
04FN02;Jardín Botánico;0,333333333;0,2;1;3;3
04FN02;Parque Explora;0,333333333;0,2;0,333333333;1;1
04FN02;Planetario;0,2;0,2;0,333333333;1;1
04FN03;Museo de Antioquia;1;1;3;3;3
04FN03;Biblioteca Pública Piloto;1;1;3;5;5
04FN03;Jardín Botánico;0,333333333;0,333333333;1;3;3
04FN03;Parque Explora;0,333333333;0,2;0,333333333;1;1
04FN03;Planetario;0,333333333;0,2;0,333333333;1;1
04FN04;Museo de Antioquia;1;3;5;5;5
04FN04;Biblioteca Pública Piloto;0,333333333;1;5;5;7
04FN04;Jardín Botánico;0,2;0,2;1;1;1
04FN04;Parque Explora;0,2;0,2;1;1;3
04FN04;Planetario;0,2;0,142857143;1;0,333333333;1
04FN05;Museo de Antioquia;1;3;1;3;5
04FN05;Biblioteca Pública Piloto;0,333333333;1;5;5;3
04FN05;Jardín Botánico;1;0,2;1;1;3
04FN05;Parque Explora;0,333333333;0,2;1;1;0,333333333
04FN05;Planetario;0,2;0,333333333;0,333333333;3;1
04FN06;Museo de Antioquia;1;3;5;3;3
04FN06;Biblioteca Pública Piloto;0,333333333;1;7;7;7
04FN06;Jardín Botánico;0,2;0,142857143;1;3;3
04FN06;Parque Explora;0,333333333;0,142857143;0,333333333;1;1
04FN06;Planetario;0,333333333;0,142857143;0,333333333;1;1
04FN07;Museo de Antioquia;1;1;3;5;3
04FN07;Biblioteca Pública Piloto;1;1;5;5;5
04FN07;Jardín Botánico;0,333333333;0,2;1;3;5
04FN07;Parque Explora;0,2;0,2;0,333333333;1;3
04FN07;Planetario;0,333333333;0,2;0,2;0,333333333;1
04IN08;Museo de Antioquia;1;1;3;5;3
04IN08;Biblioteca Pública Piloto;1;1;5;5;5
04IN08;Jardín Botánico;0,333333333;0,2;1;3;5
04IN08;Parque Explora;0,2;0,2;0,333333333;1;3
04IN08;Planetario;0,333333333;0,2;0,2;0,333333333;1
04IN09;Museo de Antioquia;1;3;5;5;5
04IN09;Biblioteca Pública Piloto;0,333333333;1;5;7;5
04IN09;Jardín Botánico;0,2;0,2;1;3;3
04IN09;Parque Explora;0,2;0,142857143;0,333333333;1;5
04IN09;Planetario;0,2;0,2;0,333333333;0,2;1
04IN10;Museo de Antioquia;1;3;5;5;5
04IN10;Biblioteca Pública Piloto;0,333333333;1;5;7;5
04IN10;Jardín Botánico;0,2;0,2;1;3;1
04IN10;Parque Explora;0,2;0,142857143;0,333333333;1;3
04IN10;Planetario;0,2;0,2;1;0,333333333;1
04IE11;Museo de Antioquia;1;1;3;5;5
04IE11;Biblioteca Pública Piloto;1;1;5;5;5
04IE11;Jardín Botánico;0,333333333;0,2;1;3;3
04IE11;Parque Explora;0,2;0,2;0,333333333;1;1
04IE11;Planetario;0,2;0,2;0,333333333;1;1
04IN12;Museo de Antioquia;1;1;5;3;5
04IN12;Biblioteca Pública Piloto;1;1;5;5;5
04IN12;Jardín Botánico;0,2;0,2;1;3;5
04IN12;Parque Explora;0,333333333;0,2;0,333333333;1;3
04IN12;Planetario;0,2;0,2;0,2;0,333333333;1
04IN13;Museo de Antioquia;1;1;0,2;0,2;3
04IN13;Biblioteca Pública Piloto;1;1;3;5;5
04IN13;Jardín Botánico;5;0,333333333;1;3;3
04IN13;Parque Explora;5;0,2;0,333333333;1;1
04IN13;Planetario;0,333333333;0,2;0,333333333;1;1
04IN14;Museo de Antioquia;1;1;3;3;3
04IN14;Biblioteca Pública Piloto;1;1;5;5;3
04IN14;Jardín Botánico;0,333333333;0,2;1;3;5
04IN14;Parque Explora;0,333333333;0,2;0,333333333;1;1
04IN14;Planetario;0,333333333;0,333333333;0,2;1;1
04IE15;Museo de Antioquia;1;1;3;3;5
04IE15;Biblioteca Pública Piloto;1;1;5;5;5
04IE15;Jardín Botánico;0,333333333;0,2;1;3;3
04IE15;Parque Explora;0,333333333;0,2;0,333333333;1;3
04IE15;Planetario;0,2;0,2;0,333333333;0,333333333;1
04IN16;Museo de Antioquia;1;1;3;3;5
04IN16;Biblioteca Pública Piloto;1;1;5;5;5
04IN16;Jardín Botánico;0,333333333;0,2;1;3;1
04IN16;Parque Explora;0,333333333;0,2;0,333333333;1;1
04IN16;Planetario;0,2;0,2;1;1;1
04IN17;Museo de Antioquia;1;0,2;3;3;3
04IN17;Biblioteca Pública Piloto;5;1;5;5;5
04IN17;Jardín Botánico;0,333333333;0,2;1;3;3
04IN17;Parque Explora;0,333333333;0,2;0,333333333;1;1
04IN17;Planetario;0,333333333;0,2;0,333333333;1;1
04FN18;Museo de Antioquia;1;1;3;5;5
04FN18;Biblioteca Pública Piloto;1;1;5;5;7
04FN18;Jardín Botánico;0,333333333;0,2;1;3;3
04FN18;Parque Explora;0,2;0,2;0,333333333;1;1
04FN18;Planetario;0,2;0,142857143;0,333333333;1;1
04FN19;Museo de Antioquia;1;1;3;5;5
04FN19;Biblioteca Pública Piloto;1;1;5;5;5
04FN19;Jardín Botánico;0,333333333;0,2;1;3;3
04FN19;Parque Explora;0,2;0,2;0,333333333;1;5
04FN19;Planetario;0,2;0,2;0,333333333;0,2;1
04FN21;Museo de Antioquia;1;3;3;5;3
04FN21;Biblioteca Pública Piloto;0,333333333;1;5;5;5
04FN21;Jardín Botánico;0,333333333;0,2;1;3;3
04FN21;Parque Explora;0,2;0,2;0,333333333;1;1
04FN21;Planetario;0,333333333;0,2;0,333333333;1;1
04FN22;Museo de Antioquia;1;1;3;3;3
04FN22;Biblioteca Pública Piloto;1;1;5;7;7
04FN22;Jardín Botánico;0,333333333;0,2;1;1;3
04FN22;Parque Explora;0,333333333;0,142857143;1;1;5
04FN22;Planetario;0,333333333;0,142857143;0,333333333;0,2;1
04FN23;Museo de Antioquia;1;5;5;3;5
04FN23;Biblioteca Pública Piloto;0,2;1;5;5;5
04FN23;Jardín Botánico;0,2;0,2;1;3;3
04FN23;Parque Explora;0,333333333;0,2;0,333333333;1;1
04FN23;Planetario;0,2;0,2;0,333333333;1;1
04FN24;Museo de Antioquia;1;1;5;5;3
04FN24;Biblioteca Pública Piloto;1;1;3;3;3
04FN24;Jardín Botánico;0,2;0,333333333;1;5;3
04FN24;Parque Explora;0,2;0,333333333;0,2;1;3
04FN24;Planetario;0,333333333;0,333333333;0,333333333;0,333333333;1
04IE25;Museo de Antioquia;1;1;5;5;3
04IE25;Biblioteca Pública Piloto;1;1;5;5;5
04IE25;Jardín Botánico;0,2;0,2;1;3;3
04IE25;Parque Explora;0,2;0,2;0,333333333;1;1
04IE25;Planetario;0,333333333;0,2;0,333333333;1;1
05FN02;Museo de Antioquia;1;8;7;8;5
05FN02;Biblioteca Pública Piloto;0,125;1;6;5;4
05FN02;Jardín Botánico;0,142857143;0,166666667;1;3;6
05FN02;Parque Explora;0,125;0,2;0,333333333;1;2
05FN02;Planetario;0,2;0,25;0,25;0,5;1
05FN06;Museo de Antioquia;1;3;6;5;2
05FN06;Biblioteca Pública Piloto;0,333333333;1;5;7;6
05FN06;Jardín Botánico;0,166666667;0,2;1;4;4
05FN06;Parque Explora;0,2;0,142857143;0,25;1;2
05FN06;Planetario;0,5;0,166666667;0,25;0,5;1
05FN09;Museo de Antioquia;1;6;6;5;7
05FN09;Biblioteca Pública Piloto;0,166666667;1;5;4;3
05FN09;Jardín Botánico;0,166666667;0,2;1;4;6
05FN09;Parque Explora;0,2;0,25;0,25;1;7
05FN09;Planetario;0,142857143;0,333333333;0,166666667;0,142857143;1
05FN10;Museo de Antioquia;1;7;6;5;5
05FN10;Biblioteca Pública Piloto;0,142857143;1;3;4;4
05FN10;Jardín Botánico;0,166666667;0,333333333;1;4;5
05FN10;Parque Explora;0,2;0,25;0,25;1;5
05FN10;Planetario;0,2;0,25;0,2;0,2;1
05FN11;Museo de Antioquia;1;7;7;8;9
05FN11;Biblioteca Pública Piloto;0,142857143;1;5;3;2
05FN11;Jardín Botánico;0,142857143;0,2;1;6;7
05FN11;Parque Explora;0,125;0,333333333;0,166666667;1;5
05FN11;Planetario;0,111111111;0,5;0,142857143;0,2;1
05FN13;Museo de Antioquia;1;8;9;7;8
05FN13;Biblioteca Pública Piloto;0,125;1;4;4;5
05FN13;Jardín Botánico;0,111111111;0,166666667;1;6;6
05FN13;Parque Explora;0,142857143;0,25;0,166666667;1;7
05FN13;Planetario;0,125;0,2;0,166666667;0,142857143;1
05FN15;Museo de Antioquia;1;7;9;6;5
05FN15;Biblioteca Pública Piloto;0,142857143;1;7;4;3
05FN15;Jardín Botánico;0,111111111;0,142857143;1;3;2
05FN15;Parque Explora;0,166666667;0,25;0,333333333;1;5
05FN15;Planetario;0,2;0,333333333;0,5;0,2;1
05FN16;Museo de Antioquia;1;8;5;6;5
05FN16;Biblioteca Pública Piloto;0,125;1;4;6;2
05FN16;Jardín Botánico;0,2;0,25;1;3;7
05FN16;Parque Explora;0,166666667;0,166666667;0,333333333;1;4
05FN16;Planetario;0,2;0,5;0,142857143;0,25;1
05FN17;Museo de Antioquia;1;4;6;5;7
05FN17;Biblioteca Pública Piloto;0,25;1;2;8;3
05FN17;Jardín Botánico;0,166666667;0,5;1;3;6
05FN17;Parque Explora;0,2;0,125;0,333333333;1;3
05FN17;Planetario;0,142857143;0,333333333;0,166666667;0,333333333;1
05FN18;Museo de Antioquia;1;5;7;6;8
05FN18;Biblioteca Pública Piloto;0,2;1;3;9;4
05FN18;Jardín Botánico;0,142857143;0,333333333;1;4;7
05FN18;Parque Explora;0,166666667;0,111111111;0,25;1;4
05FN18;Planetario;0,125;0,125;0,142857143;0,25;1
05FN19;Museo de Antioquia;1;9;2;6;5
05FN19;Biblioteca Pública Piloto;0,111111111;1;4;2;3
05FN19;Jardín Botánico;0,5;0,25;1;4;2
05FN19;Parque Explora;0,166666667;0,5;0,25;1;3
05FN19;Planetario;0,2;0,333333333;0,5;0,333333333;1
05FN20;Museo de Antioquia;1;9;2;4;3
05FN20;Biblioteca Pública Piloto;0,111111111;1;8;6;2
05FN20;Jardín Botánico;0,5;0,125;1;3;2
05FN20;Parque Explora;0,25;0,166666667;0,333333333;1;6
05FN20;Planetario;0,333333333;0,5;0,5;0,166666667;1
05FN23;Museo de Antioquia;1;8;4;3;2
05FN23;Biblioteca Pública Piloto;0,125;1;6;9;4
05FN23;Jardín Botánico;0,25;0,166666667;1;3;2
05FN23;Parque Explora;0,333333333;0,111111111;0,333333333;1;6
05FN23;Planetario;0,5;0,25;0,5;0,166666667;1
05FN24;Museo de Antioquia;1;4;2;8;5
05FN24;Biblioteca Pública Piloto;0,25;1;3;7;3
05FN24;Jardín Botánico;0,5;0,333333333;1;6;2
05FN24;Parque Explora;0,125;0,142857143;0,166666667;1;4
05FN24;Planetario;0,2;0,333333333;0,5;0,25;1
05FN25;Museo de Antioquia;1;6;2;4;3
05FN25;Biblioteca Pública Piloto;0,166666667;1;4;8;9
05FN25;Jardín Botánico;0,5;0,25;1;2;6
05FN25;Parque Explora;0,25;0,125;0,5;1;3
05FN25;Planetario;0,333333333;0,111111111;0,166666667;0,333333333;1
06FN01;Museo de Antioquia;1;1;2;2;3
06FN01;Biblioteca Pública Piloto;1;1;0,25;5;4
06FN01;Jardín Botánico;0,5;4;1;0,166666667;5
06FN01;Parque Explora;0,5;0,2;6;1;6
06FN01;Planetario;0,333333333;0,25;0,2;0,166666667;1
06FN03;Museo de Antioquia;1;5;6;1;3
06FN03;Biblioteca Pública Piloto;0,2;1;0,142857143;0,142857143;0,25
06FN03;Jardín Botánico;0,166666667;7;1;1;2
06FN03;Parque Explora;1;7;1;1;3
06FN03;Planetario;0,333333333;7;0,5;0,333333333;1
06FN05;Museo de Antioquia;1;2;1;0,5;3
06FN05;Biblioteca Pública Piloto;0,5;1;4;5;3
06FN05;Jardín Botánico;1;0,25;1;7;7
06FN05;Parque Explora;2;5;0,142857143;1;7
06FN05;Planetario;0,333333333;0,333333333;0,142857143;0,142857143;1
06FN06;Museo de Antioquia;1;6;6;0,142857143;6
06FN06;Biblioteca Pública Piloto;0,166666667;1;0,166666667;0,2;0,166666667
06FN06;Jardín Botánico;0,166666667;6;1;0,142857143;0,25
06FN06;Parque Explora;7;5;7;1;7
06FN06;Planetario;0,166666667;6;4;0,142857143;1
06FN07;Museo de Antioquia;1;0,142857143;0,111111111;0,111111111;0,142857143
06FN07;Biblioteca Pública Piloto;7;1;0,111111111;0,111111111;0,166666667
06FN07;Jardín Botánico;9;9;1;0,125;8
06FN07;Parque Explora;9;9;8;1;8
06FN07;Planetario;7;6;0,125;0,125;1
06FN10;Museo de Antioquia;1;1;1;1;1
06FN10;Biblioteca Pública Piloto;1;1;1;1;1
06FN10;Jardín Botánico;1;1;1;1;1
06FN10;Parque Explora;1;1;1;1;1
06FN10;Planetario;1;1;1;1;1
06FN11;Museo de Antioquia;1;7;0,2;5;5
06FN11;Biblioteca Pública Piloto;0,142857143;1;0,166666667;4;3
06FN11;Jardín Botánico;5;6;1;6;5
06FN11;Parque Explora;0,2;0,25;0,166666667;1;3
06FN11;Planetario;0,2;0,333333333;0,2;0,333333333;1
06FN12;Museo de Antioquia;1;7;6;5;0,2
06FN12;Biblioteca Pública Piloto;0,142857143;1;4;0,166666667;0,142857143
06FN12;Jardín Botánico;0,166666667;0,25;1;0,166666667;0,166666667
06FN12;Parque Explora;0,2;6;6;1;7
06FN12;Planetario;5;7;6;0,142857143;1
06FN13;Museo de Antioquia;1;1;0,142857143;0,142857143;0,111111111
06FN13;Biblioteca Pública Piloto;1;1;0,142857143;0,142857143;0,111111111
06FN13;Jardín Botánico;7;7;1;1;0,111111111
06FN13;Parque Explora;7;7;1;1;0,111111111
06FN13;Planetario;9;9;9;9;1
06FN14;Museo de Antioquia;1;4;2;3;6
06FN14;Biblioteca Pública Piloto;0,25;1;6;0,5;0,5
06FN14;Jardín Botánico;0,5;0,166666667;1;0,333333333;2
06FN14;Parque Explora;0,333333333;2;3;1;9
06FN14;Planetario;0,166666667;2;0,5;0,111111111;1
06FN15;Museo de Antioquia;1;0,25;2;0,333333333;0,333333333
06FN15;Biblioteca Pública Piloto;4;1;4;7;5
06FN15;Jardín Botánico;0,5;0,25;1;0,5;4
06FN15;Parque Explora;3;0,142857143;2;1;3
06FN15;Planetario;6;0,2;0,25;0,333333333;1
06FN16;Museo de Antioquia;1;3;0,2;0,25;0,111111111
06FN16;Biblioteca Pública Piloto;0,333333333;1;0,5;0,333333333;0,166666667
06FN16;Jardín Botánico;5;2;1;0,333333333;0,2
06FN16;Parque Explora;4;3;3;1;0,2
06FN16;Planetario;9;6;5;0,2;1
06FN17;Museo de Antioquia;1;3;0,25;0,111111111;2
06FN17;Biblioteca Pública Piloto;0,333333333;1;0,5;0,142857143;0,5
06FN17;Jardín Botánico;4;2;1;0,166666667;0,333333333
06FN17;Parque Explora;9;7;6;1;8
06FN17;Planetario;0,5;2;3;0,125;1
06FN18;Museo de Antioquia;1;3;0,333333333;0,2;2
06FN18;Biblioteca Pública Piloto;0,333333333;1;0,25;0,333333333;4
06FN18;Jardín Botánico;3;4;1;6;7
06FN18;Parque Explora;5;3;0,166666667;1;9
06FN18;Planetario;0,5;0,25;0,142857143;0,111111111;1
06FN19;Museo de Antioquia;1;9;0,2;0,166666667;4
06FN19;Biblioteca Pública Piloto;0,2;1;3;0,142857143;6
06FN19;Jardín Botánico;5;0,333333333;1;0,142857143;7
06FN19;Parque Explora;6;7;7;1;8
06FN19;Planetario;0,25;0,166666667;0,142857143;0,125;1
06FN20;Museo de Antioquia;1;1;1;1;1
06FN20;Biblioteca Pública Piloto;1;1;1;1;1
06FN20;Jardín Botánico;1;1;1;1;1
06FN20;Parque Explora;1;1;1;1;1
06FN20;Planetario;1;1;1;1;1
06FN21;Museo de Antioquia;1;3;0,25;0,166666667;6
06FN21;Biblioteca Pública Piloto;0,333333333;1;0,2;0,142857143;1
06FN21;Jardín Botánico;4;5;1;1;3
06FN21;Parque Explora;6;7;1;1;6
06FN21;Planetario;0,166666667;1;0,333333333;0,166666667;1
06FN22;Museo de Antioquia;1;1;0,5;1;0,142857143
06FN22;Biblioteca Pública Piloto;1;1;3;1;0,166666667
06FN22;Jardín Botánico;2;0,333333333;1;1;0,2
06FN22;Parque Explora;1;1;1;1;0,333333333
06FN22;Planetario;7;6;5;3;1
06FN23;Museo de Antioquia;1;8;0,166666667;0,125;3
06FN23;Biblioteca Pública Piloto;0,125;1;0,166666667;0,166666667;5
06FN23;Jardín Botánico;6;6;1;7;5
06FN23;Parque Explora;8;6;0,142857143;1;6
06FN23;Planetario;0,333333333;0,2;0,2;0,166666667;1
06FN25;Museo de Antioquia;1;5;6;1;3
06FN25;Biblioteca Pública Piloto;0,2;1;0,142857143;0,142857143;0,25
06FN25;Jardín Botánico;0,166666667;7;1;1;2
06FN25;Parque Explora;1;7;1;1;3
06FN25;Planetario;0,333333333;7;0,5;0,333333333;1
07FN01;Museo de Antioquia;1;3;0,333333333;5;5
07FN01;Biblioteca Pública Piloto;0,333333333;1;0,2;1;5
07FN01;Jardín Botánico;3;5;1;5;5
07FN01;Parque Explora;0,2;1;0,2;1;1
07FN01;Planetario;0,2;0,2;0,2;1;1
07IN02;Museo de Antioquia;1;5;0,111111111;0,2;5
07IN02;Biblioteca Pública Piloto;0,2;1;0,2;0,333333333;0,333333333
07IN02;Jardín Botánico;9;5;1;7;9
07IN02;Parque Explora;5;3;0,142857143;1;3
07IN02;Planetario;0,2;3;0,111111111;0,333333333;1
07FN03;Museo de Antioquia;1;1;0,2;0,333333333;0,142857143
07FN03;Biblioteca Pública Piloto;1;1;0,333333333;0,333333333;0,111111111
07FN03;Jardín Botánico;5;3;1;3;1
07FN03;Parque Explora;3;3;0,333333333;1;0,8
07FN03;Planetario;7;9;1;5;1
07IN04;Museo de Antioquia;1;1;1;1;0,142857143
07IN04;Biblioteca Pública Piloto;1;1;0,142857143;0,142857143;0,142857143
07IN04;Jardín Botánico;7;7;1;7;7
07IN04;Parque Explora;7;7;0,142857143;1;0,142857143
07IN04;Planetario;7;7;0,142857143;7;1
07IN05;Museo de Antioquia;1;7;0,111111111;0,2;0,2
07IN05;Biblioteca Pública Piloto;0,142857143;1;0,2;0,2;5
07IN05;Jardín Botánico;9;5;1;7;7
07IN05;Parque Explora;5;5;0,142857143;1;5
07IN05;Planetario;5;0,2;0,142857143;0,2;1
07FN06;Museo de Antioquia;1;1;3;0,2;1
07FN06;Biblioteca Pública Piloto;1;1;0,333333333;0,333333333;1
07FN06;Jardín Botánico;0,333333333;3;1;1;3
07FN06;Parque Explora;5;3;1;1;3
07FN06;Planetario;1;1;0,333333333;0,333333333;1
07FN07;Museo de Antioquia;1;1;1;1;1
07FN07;Biblioteca Pública Piloto;1;1;1;1;1
07FN07;Jardín Botánico;1;1;1;1;1
07FN07;Parque Explora;1;1;1;1;1
07FN07;Planetario;1;1;1;1;1
07FN08;Museo de Antioquia;1;0,111111111;0,111111111;5;0,2
07FN08;Biblioteca Pública Piloto;9;1;1;7;7
07FN08;Jardín Botánico;9;1;1;9;9
07FN08;Parque Explora;0,2;0,142857143;0,111111111;1;0,142857143
07FN08;Planetario;5;0,142857143;0,111111111;7;1
07FN09;Museo de Antioquia;1;0,142857143;7;5;0,333333333
07FN09;Biblioteca Pública Piloto;7;1;7;5;5
07FN09;Jardín Botánico;0,142857143;1,571428571;1;0,2;0,142857143
07FN09;Parque Explora;0,2;0,2;5;1;0,333333333
07FN09;Planetario;3;0,2;7;3;1
07FN10;Museo de Antioquia;1;0,2;1;0,333333333;0,333333333
07FN10;Biblioteca Pública Piloto;5;1;3;3;3
07FN10;Jardín Botánico;1;0,333333333;1;0,333333333;1
07FN10;Parque Explora;3;0,333333333;3;1;3
07FN10;Planetario;3;0,333333333;1;0,333333333;1
07FN11;Museo de Antioquia;1;0,2;0,2;0,2;0,142857143
07FN11;Biblioteca Pública Piloto;5;1;1;3;0,142857143
07FN11;Jardín Botánico;5;1;1;3;0,2
07FN11;Parque Explora;5;0,333333333;0,333333333;1;0,333333333
07FN11;Planetario;7;7;5;3;1
07FN12;Museo de Antioquia;1;0,2;3;0,142857143;3
07FN12;Biblioteca Pública Piloto;5;1;9;5;1
07FN12;Jardín Botánico;0,333333333;0,111111111;1;0,2;3
07FN12;Parque Explora;7;0,2;5;1;1
07FN12;Planetario;0,333333333;1;0,333333333;1;1
07FN13;Museo de Antioquia;1;1;0,2;0,2;0,333333333
07FN13;Biblioteca Pública Piloto;1;1;0,2;0,333333333;0,333333333
07FN13;Jardín Botánico;5;5;1;0,333333333;1
07FN13;Parque Explora;5;3;3;1;1
07FN13;Planetario;3;3;1;1;1
07FN14;Museo de Antioquia;1;5;1;5;5
07FN14;Biblioteca Pública Piloto;0,2;1;0,2;5;5
07FN14;Jardín Botánico;1;5;1;5;5
07FN14;Parque Explora;0,2;0,2;0,2;1;5
07FN14;Planetario;0,2;0,2;0,2;0,2;1
07FN15;Museo de Antioquia;1;0,142857143;0,2;0,142857143;0,142857143
07FN15;Biblioteca Pública Piloto;7;1;0,2;0,2;1
07FN15;Jardín Botánico;5;5;1;1;5
07FN15;Parque Explora;7;5;1;1;1
07FN15;Planetario;7;1;0,2;1;1
07IN16;Museo de Antioquia;1;1;1;1;1
07IN16;Biblioteca Pública Piloto;1;1;1;1;1
07IN16;Jardín Botánico;1;1;1;1;1
07IN16;Parque Explora;1;1;1;1;1
07IN16;Planetario;1;1;1;1;1
07FN17;Museo de Antioquia;1;0,111111111;0,142857143;0,142857143;0,111111111
07FN17;Biblioteca Pública Piloto;9;1;9;9;9
07FN17;Jardín Botánico;7;0,111111111;1;7;7
07FN17;Parque Explora;7;0,111111111;0,142857143;1;6
07FN17;Planetario;9;0,111111111;0,142857143;0,166666667;1
07FN18;Museo de Antioquia;1;0,111111111;0,2;0,111111111;0,111111111
07FN18;Biblioteca Pública Piloto;9;1;7;1;0,25
07FN18;Jardín Botánico;5;0,142857143;1;0,142857143;0,125
07FN18;Parque Explora;9;1;7;1;7
07FN18;Planetario;9;4;8;0,142857143;1
07FN20;Museo de Antioquia;1;0,142857143;0,142857143;0,111111111;0,111111111
07FN20;Biblioteca Pública Piloto;7;1;0,142857143;7;0,111111111
07FN20;Jardín Botánico;7;7;1;1;1
07FN20;Parque Explora;9;0,142857143;1;1;1
07FN20;Planetario;9;9;1;1;1
07FN21;Museo de Antioquia;1;0,142857143;5;0,142857143;0,2
07FN21;Biblioteca Pública Piloto;7;1;7;7;7
07FN21;Jardín Botánico;0,2;0,142857143;1;0,142857143;0,2
07FN21;Parque Explora;7;0,142857143;7;1;5
07FN21;Planetario;5;0,142857143;5;0,2;1
07FN22;Museo de Antioquia;1;0,142857143;0,111111111;0,111111111;0,142857143
07FN22;Biblioteca Pública Piloto;7;1;7;0,142857143;0,111111111
07FN22;Jardín Botánico;9;0,142857143;1;0,142857143;0,111111111
07FN22;Parque Explora;9;7;7;1;0,111111111
07FN22;Planetario;7;9;9;9;1
07FN23;Museo de Antioquia;1;1;1;1;0,333333333
07FN23;Biblioteca Pública Piloto;1;1;0,333333333;0,142857143;0,142857143
07FN23;Jardín Botánico;1;3;1;1;7
07FN23;Parque Explora;1;7;1;1;1
07FN23;Planetario;3;7;0,142857143;1;1
07IN24;Museo de Antioquia;1;1;1;1;1
07IN24;Biblioteca Pública Piloto;1;1;1;1;1
07IN24;Jardín Botánico;1;1;1;1;1
07IN24;Parque Explora;1;1;1;1;1
07IN24;Planetario;1;1;1;1;1
07FN25;Museo de Antioquia;1;0,142857143;0,111111111;0,2;5
07FN25;Biblioteca Pública Piloto;7;1;3;3;3
07FN25;Jardín Botánico;9;0,333333333;1;3;3
07FN25;Parque Explora;5;0,333333333;0,333333333;1;3
07FN25;Planetario;0,333333333;0,333333333;0,333333333;0,333333333;1
08FN01;Museo de Antioquia;1;3;0,333333333;0,2;0,2
08FN01;Biblioteca Pública Piloto;0,333333333;1;0,333333333;0,142857143;0,142857143
08FN01;Jardín Botánico;3;3;1;0,2;0,2
08FN01;Parque Explora;5;7;5;1;0,333333333
08FN01;Planetario;5;7;5;3;1
08FN02;Museo de Antioquia;1;7;0,142857143;0,142857143;0,2
08FN02;Biblioteca Pública Piloto;0,142857143;1;0,142857143;0,2;0,142857143
08FN02;Jardín Botánico;7;7;1;1;1
08FN02;Parque Explora;7;5;1;1;1
08FN02;Planetario;5;7;1;1;1
08FN03;Museo de Antioquia;1;5;0,333333333;0,2;0,2
08FN03;Biblioteca Pública Piloto;0,2;1;0,333333333;0,2;0,2
08FN03;Jardín Botánico;3;3;1;0,333333333;1
08FN03;Parque Explora;5;5;3;1;1
08FN03;Planetario;5;5;1;1;1
08FN04;Museo de Antioquia;1;5;3;3;3
08FN04;Biblioteca Pública Piloto;0,2;1;0,2;0,2;0,2
08FN04;Jardín Botánico;0,333333333;5;1;0,2;0,2
08FN04;Parque Explora;0,333333333;5;5;1;0,333333333
08FN04;Planetario;0,333333333;5;5;3;1
08FN05;Museo de Antioquia;1;3;0,2;0,2;0,2
08FN05;Biblioteca Pública Piloto;0,333333333;1;0,2;0,333333333;0,2
08FN05;Jardín Botánico;5;5;1;0,2;0,2
08FN05;Parque Explora;5;3;5;1;1
08FN05;Planetario;5;5;5;1;1
08IN06;Museo de Antioquia;1;5;0,333333333;0,333333333;0,333333333
08IN06;Biblioteca Pública Piloto;0,2;1;0,2;0,142857143;0,2
08IN06;Jardín Botánico;3;5;1;0,2;0,2
08IN06;Parque Explora;3;7;5;1;1
08IN06;Planetario;3;5;5;1;1
08FN07;Museo de Antioquia;1;3;0,333333333;0,333333333;0,333333333
08FN07;Biblioteca Pública Piloto;0,333333333;1;3;0,333333333;0,333333333
08FN07;Jardín Botánico;3;0,333333333;1;0,333333333;5
08FN07;Parque Explora;3;3;3;1;5
08FN07;Planetario;3;3;0,2;0,2;1
08FN08;Museo de Antioquia;1;5;0,2;0,2;0,333333333
08FN08;Biblioteca Pública Piloto;0,2;1;0,2;0,333333333;0,2
08FN08;Jardín Botánico;5;5;1;1;0,2
08FN08;Parque Explora;5;3;1;1;1
08FN08;Planetario;3;5;5;1;1
08IN09;Museo de Antioquia;1;3;0,333333333;0,142857143;0,142857143
08IN09;Biblioteca Pública Piloto;0,333333333;1;0,333333333;0,142857143;0,142857143
08IN09;Jardín Botánico;3;3;1;0,2;0,2
08IN09;Parque Explora;7;7;5;1;1
08IN09;Planetario;7;7;5;1;1
08IN10;Museo de Antioquia;1;0,333333333;0,333333333;0,2;0,2
08IN10;Biblioteca Pública Piloto;3;1;0,333333333;0,142857143;0,142857143
08IN10;Jardín Botánico;3;3;1;0,2;0,2
08IN10;Parque Explora;5;7;5;1;3
08IN10;Planetario;5;7;5;0,333333333;1
08FN11;Museo de Antioquia;1;5;0,333333333;0,333333333;3
08FN11;Biblioteca Pública Piloto;0,2;1;0,2;0,142857143;1
08FN11;Jardín Botánico;3;5;1;0,333333333;0,333333333
08FN11;Parque Explora;3;7;3;1;5
08FN11;Planetario;0,333333333;1;3;0,2;1
08FN12;Museo de Antioquia;1;7;0,142857143;0,142857143;7
08FN12;Biblioteca Pública Piloto;0,142857143;1;0,142857143;0,142857143;7
08FN12;Jardín Botánico;7;7;1;7;7
08FN12;Parque Explora;7;7;0,142857143;1;7
08FN12;Planetario;0,142857143;0,142857143;0,142857143;0,142857143;1
08FN13;Museo de Antioquia;1;0,333333333;0,2;0,333333333;5
08FN13;Biblioteca Pública Piloto;3;1;0,333333333;1;7
08FN13;Jardín Botánico;5;3;1;0,333333333;7
08FN13;Parque Explora;3;1;3;1;5
08FN13;Planetario;0,2;0,142857143;0,142857143;0,2;1
08FN14;Museo de Antioquia;1;0,333333333;0,333333333;0,2;0,2
08FN14;Biblioteca Pública Piloto;3;1;0,333333333;0,2;0,2
08FN14;Jardín Botánico;3;3;1;0,2;0,2
08FN14;Parque Explora;5;5;5;1;1
08FN14;Planetario;5;5;5;1;1
08IN15;Museo de Antioquia;1;5;0,2;0,2;0,2
08IN15;Biblioteca Pública Piloto;0,2;1;0,2;0,2;0,2
08IN15;Jardín Botánico;5;5;1;1;1
08IN15;Parque Explora;5;5;1;1;1
08IN15;Planetario;5;5;1;1;1
08IN16;Museo de Antioquia;1;5;1;1;0,333333333
08IN16;Biblioteca Pública Piloto;0,2;1;0,333333333;0,2;0,333333333
08IN16;Jardín Botánico;1;3;1;1;1
08IN16;Parque Explora;1;5;1;1;1
08IN16;Planetario;3;3;1;1;1
08IN17;Museo de Antioquia;1;1;0,2;3;3
08IN17;Biblioteca Pública Piloto;1;1;0,142857143;5;1
08IN17;Jardín Botánico;5;7;1;3;5
08IN17;Parque Explora;0,333333333;0,2;0,333333333;1;0,333333333
08IN17;Planetario;0,333333333;1;0,2;3;1
08FN18;Museo de Antioquia;1;0,142857143;0,111111111;0,111111111;0,142857143
08FN18;Biblioteca Pública Piloto;7;1;0,142857143;0,142857143;0,142857143
08FN18;Jardín Botánico;9;7;1;0,142857143;0,142857143
08FN18;Parque Explora;9;7;7;1;7
08FN18;Planetario;7;7;7;0,142857143;1
08FN19;Museo de Antioquia;1;1;0,2;0,2;0,2
08FN19;Biblioteca Pública Piloto;1;1;0,2;0,142857143;0,333333333
08FN19;Jardín Botánico;5;5;1;0,2;3
08FN19;Parque Explora;5;7;5;1;0,2
08FN19;Planetario;5;3;0,333333333;5;1
08IN20;Museo de Antioquia;1;5;3;3;3
08IN20;Biblioteca Pública Piloto;0,2;1;0,2;0,2;0,2
08IN20;Jardín Botánico;0,333333333;5;1;1;1
08IN20;Parque Explora;0,333333333;5;1;1;1
08IN20;Planetario;0,333333333;5;1;1;1
08IN21;Museo de Antioquia;1;0,333333333;0,2;0,142857143;0,142857143
08IN21;Biblioteca Pública Piloto;3;1;0,2;0,2;0,2
08IN21;Jardín Botánico;5;5;1;0,2;0,2
08IN21;Parque Explora;7;5;5;1;1
08IN21;Planetario;7;5;5;1;1
08IN22;Museo de Antioquia;1;5;0,333333333;0,2;0,2
08IN22;Biblioteca Pública Piloto;0,2;1;0,2;0,142857143;0,142857143
08IN22;Jardín Botánico;3;5;1;1;1
08IN22;Parque Explora;5;7;1;1;1
08IN22;Planetario;5;7;1;1;1
08IN23;Museo de Antioquia;1;5;3;0,2;0,333333333
08IN23;Biblioteca Pública Piloto;0,2;1;0,333333333;0,2;0,333333333
08IN23;Jardín Botánico;0,333333333;3;1;0,2;0,333333333
08IN23;Parque Explora;5;5;5;1;1
08IN23;Planetario;3;3;3;1;1
08FN24;Museo de Antioquia;1;5;3;0,2;0,2
08FN24;Biblioteca Pública Piloto;0,2;1;0,333333333;0,2;0,2
08FN24;Jardín Botánico;0,333333333;3;1;0,333333333;0,2
08FN24;Parque Explora;5;5;3;1;0,2
08FN24;Planetario;5;5;5;5;1
08IN25;Museo de Antioquia;1;5;3;3;3
08IN25;Biblioteca Pública Piloto;0,2;1;0,333333333;0,2;0,2
08IN25;Jardín Botánico;0,333333333;3;1;0,2;0,2
08IN25;Parque Explora;0,333333333;5;5;1;1
08IN25;Planetario;0,333333333;5;5;1;1
09IN01;Museo de Antioquia;1;7;0,2;0,142857143;0,142857143
09IN01;Biblioteca Pública Piloto;0,142857143;1;0,2;0,142857143;0,142857143
09IN01;Jardín Botánico;5;5;1;5;5
09IN01;Parque Explora;7;7;0,2;1;7
09IN01;Planetario;7;7;0,2;0,142857143;1
09IE02;Museo de Antioquia;1;3;3;3;3
09IE02;Biblioteca Pública Piloto;0,333333333;1;5;5;1
09IE02;Jardín Botánico;0,333333333;0,2;1;1;0,333333333
09IE02;Parque Explora;0,333333333;0,2;1;1;3
09IE02;Planetario;0,333333333;1;3;0,333333333;1
09IN03;Museo de Antioquia;1;1;1;1;1
09IN03;Biblioteca Pública Piloto;1;1;1;1;1
09IN03;Jardín Botánico;1;1;1;1;1
09IN03;Parque Explora;1;1;1;1;1
09IN03;Planetario;1;1;1;1;1
09IN04;Museo de Antioquia;1;0,333333333;3;0,2;0,2
09IN04;Biblioteca Pública Piloto;3;1;1;0,2;0,333333333
09IN04;Jardín Botánico;0,333333333;1;1;0,2;1
09IN04;Parque Explora;5;5;5;1;1
09IN04;Planetario;5;3;1;1;1
09IN05;Museo de Antioquia;1;7;0,142857143;0,142857143;0,142857143
09IN05;Biblioteca Pública Piloto;0,142857143;1;0,142857143;0,142857143;0,142857143
09IN05;Jardín Botánico;7;7;1;0,142857143;0,142857143
09IN05;Parque Explora;7;7;7;1;0,142857143
09IN05;Planetario;7;7;7;7;1
09FN06;Museo de Antioquia;1;1;1;1;1
09FN06;Biblioteca Pública Piloto;1;1;1;1;1
09FN06;Jardín Botánico;1;1;1;1;1
09FN06;Parque Explora;1;1;1;1;1
09FN06;Planetario;1;1;1;1;1
09FN07;Museo de Antioquia;1;0,2;7;9;7
09FN07;Biblioteca Pública Piloto;5;1;7;9;7
09FN07;Jardín Botánico;0,142857143;0,142857143;1;5;0,333333333
09FN07;Parque Explora;0,111111111;0,111111111;0,2;1;0,2
09FN07;Planetario;0,142857143;0,142857143;3;5;1
09FN09;Museo de Antioquia;1;1;1;1;1
09FN09;Biblioteca Pública Piloto;1;1;1;1;1
09FN09;Jardín Botánico;1;1;1;1;1
09FN09;Parque Explora;1;1;1;1;1
09FN09;Planetario;1;1;1;1;1
09FN10;Museo de Antioquia;1;8;1;1;1
09FN10;Biblioteca Pública Piloto;0,125;1;0,111111111;0,111111111;0,111111111
09FN10;Jardín Botánico;1;9;1;1;1
09FN10;Parque Explora;1;9;1;1;1
09FN10;Planetario;1;9;1;1;1
09FN11;Museo de Antioquia;1;5;1;3;1
09FN11;Biblioteca Pública Piloto;0,2;1;5;5;5
09FN11;Jardín Botánico;1;0,2;1;1;1
09FN11;Parque Explora;0,333333333;0,2;1;1;1
09FN11;Planetario;1;0,2;1;1;1
09FN12;Museo de Antioquia;1;1;0,2;1;1
09FN12;Biblioteca Pública Piloto;1;1;0,142857143;1;1
09FN12;Jardín Botánico;5;7;1;1;1
09FN12;Parque Explora;1;1;1;1;1
09FN12;Planetario;1;1;1;1;1
09FN13;Museo de Antioquia;1;1;1;1;1
09FN13;Biblioteca Pública Piloto;1;1;1;1;1
09FN13;Jardín Botánico;1;1;1;1;1
09FN13;Parque Explora;1;1;1;1;1
09FN13;Planetario;1;1;1;1;1
09FN14;Museo de Antioquia;1;9;7;0,111111111;0,2
09FN14;Biblioteca Pública Piloto;0,111111111;1;7;0,111111111;0,2
09FN14;Jardín Botánico;0,142857143;0,142857143;1;0,111111111;0,142857143
09FN14;Parque Explora;9;9;9;1;7
09FN14;Planetario;5;5;7;0,142857143;1
09FN15;Museo de Antioquia;1;7;7;7;7
09FN15;Biblioteca Pública Piloto;0,142857143;1;7;7;7
09FN15;Jardín Botánico;0,142857143;0,142857143;1;0,2;0,2
09FN15;Parque Explora;0,142857143;0,142857143;5;1;0,142857143
09FN15;Planetario;0,142857143;0,142857143;5;7;1
09FN16;Museo de Antioquia;1;0,111111111;0,2;9;7
09FN16;Biblioteca Pública Piloto;9;1;7;9;9
09FN16;Jardín Botánico;5;0,142857143;1;9;5
09FN16;Parque Explora;0,111111111;0,111111111;0,111111111;1;0,333333333
09FN16;Planetario;0,142857143;0,111111111;0,2;3;1
09FN17;Museo de Antioquia;1;0,2;0,2;5;7
09FN17;Biblioteca Pública Piloto;5;1;7;7;0,111111111
09FN17;Jardín Botánico;5;0,142857143;1;0,142857143;0,2
09FN17;Parque Explora;0,2;0,142857143;7;1;1
09FN17;Planetario;0,142857143;9;5;1;1
09FN18;Museo de Antioquia;1;7;0,142857143;0,2;0,2
09FN18;Biblioteca Pública Piloto;0,142857143;1;0,2;7;7
09FN18;Jardín Botánico;7;5;1;5;5
09FN18;Parque Explora;5;0,142857143;0,2;1;0,2
09FN18;Planetario;5;0,142857143;0,2;5;1
09FN19;Museo de Antioquia;1;1;9;0,111111111;7
09FN19;Biblioteca Pública Piloto;1;1;9;0,111111111;0,142857143
09FN19;Jardín Botánico;0,111111111;0,111111111;1;0,111111111;0,2
09FN19;Parque Explora;9;9;9;1;5
09FN19;Planetario;0,142857143;7;5;0,2;1
09FN20;Museo de Antioquia;1;1;1;1;1
09FN20;Biblioteca Pública Piloto;1;1;1;1;1
09FN20;Jardín Botánico;1;1;1;1;1
09FN20;Parque Explora;1;1;1;1;1
09FN20;Planetario;1;1;1;1;1
09FN21;Museo de Antioquia;1;1;1;1;1
09FN21;Biblioteca Pública Piloto;1;1;3;5;7
09FN21;Jardín Botánico;1;0,333333333;1;0,2;1
09FN21;Parque Explora;1;0,2;5;1;1
09FN21;Planetario;1;0,142857143;1;1;1
09IE22;Museo de Antioquia;1;1;5;1;3
09IE22;Biblioteca Pública Piloto;1;1;3;1;1
09IE22;Jardín Botánico;0,2;0,333333333;1;0,333333333;0,2
09IE22;Parque Explora;1;1;3;1;1
09IE22;Planetario;0,333333333;1;5;1;1
09IN24;Museo de Antioquia;1;1;1;1;1
09IN24;Biblioteca Pública Piloto;1;1;1;1;1
09IN24;Jardín Botánico;1;1;1;1;1
09IN24;Parque Explora;1;1;1;1;1
09IN24;Planetario;1;1;1;1;1
10FN04;Museo de Antioquia;1;1;7;7;9
10FN04;Biblioteca Pública Piloto;1;1;5;5;3
10FN04;Jardín Botánico;0,142857143;0,2;1;1;3
10FN04;Parque Explora;0,142857143;0,2;1;1;1
10FN04;Planetario;0,111111111;0,333333333;0,333333333;1;1
10FN06;Museo de Antioquia;1;1;0,2;1;3
10FN06;Biblioteca Pública Piloto;1;1;1;3;7
10FN06;Jardín Botánico;5;1;1;5;7
10FN06;Parque Explora;1;0,333333333;0,2;1;7
10FN06;Planetario;0,333333333;0,142857143;0,142857143;0,142857143;1
10FN07;Museo de Antioquia;1;0,333333333;0,142857143;0,2;0,2
10FN07;Biblioteca Pública Piloto;3;1;1;3;5
10FN07;Jardín Botánico;7;1;1;0,2;0,2
10FN07;Parque Explora;5;0,333333333;5;1;5
10FN07;Planetario;5;0,2;5;0,2;1
10FN08;Museo de Antioquia;1;0,2;0,2;5;5
10FN08;Biblioteca Pública Piloto;5;1;1;7;7
10FN08;Jardín Botánico;5;1;1;7;7
10FN08;Parque Explora;0,2;0,142857143;0,142857143;1;1
10FN08;Planetario;0,2;0,142857143;0,142857143;1;1
10IN09;Museo de Antioquia;1;1;7;1;0,142857143
10IN09;Biblioteca Pública Piloto;1;1;7;0,142857143;0,111111111
10IN09;Jardín Botánico;0,142857143;0,142857143;1;0,142857143;0,111111111
10IN09;Parque Explora;1;7;7;1;1
10IN09;Planetario;7;9;9;1;1
10IN11;Museo de Antioquia;1;1;0,142857143;9;9
10IN11;Biblioteca Pública Piloto;1;1;5;9;9
10IN11;Jardín Botánico;7;0,2;1;7;7
10IN11;Parque Explora;0,111111111;0,111111111;0,142857143;1;0,142857143
10IN11;Planetario;0,111111111;0,111111111;0,142857143;7;1
10IN12;Museo de Antioquia;1;1;1;1;1
10IN12;Biblioteca Pública Piloto;1;1;1;1;1
10IN12;Jardín Botánico;1;1;1;1;1
10IN12;Parque Explora;1;1;1;1;1
10IN12;Planetario;1;1;1;1;1
10IN13;Museo de Antioquia;1;0,333333333;0,2;0,333333333;3
10IN13;Biblioteca Pública Piloto;3;1;1;5;1
10IN13;Jardín Botánico;5;1;1;3;1
10IN13;Parque Explora;3;0,2;0,333333333;1;1
10IN13;Planetario;0,333333333;1;1;1;1
10IN14;Museo de Antioquia;1;1;1;1;1
10IN14;Biblioteca Pública Piloto;1;1;7;1;1
10IN14;Jardín Botánico;1;0,142857143;1;1;1
10IN14;Parque Explora;1;1;1;1;1
10IN14;Planetario;1;1;1;1;1
10FN15;Museo de Antioquia;1;3;1;0,2;0,2
10FN15;Biblioteca Pública Piloto;0,333333333;1;1;0,333333333;0,333333333
10FN15;Jardín Botánico;1;1;1;0,2;0,333333333
10FN15;Parque Explora;5;3;5;1;0,333333333
10FN15;Planetario;5;3;3;3;1
10IN16;Museo de Antioquia;1;1;1;1;1
10IN16;Biblioteca Pública Piloto;1;1;1;1;1
10IN16;Jardín Botánico;1;1;1;1;1
10IN16;Parque Explora;1;1;1;1;1
10IN16;Planetario;1;1;1;1;1
10FN17;Museo de Antioquia;1;0,142857143;0,2;3;5
10FN17;Biblioteca Pública Piloto;7;1;0,2;0,333333333;3
10FN17;Jardín Botánico;5;5;1;5;5
10FN17;Parque Explora;0,333333333;3;0,2;1;3
10FN17;Planetario;0,2;0,333333333;0,2;0,333333333;1
10FN18;Museo de Antioquia;1;0,333333333;0,2;1;5
10FN18;Biblioteca Pública Piloto;3;1;0,333333333;0,142857143;3
10FN18;Jardín Botánico;5;3;1;1;5
10FN18;Parque Explora;1;7;1;1;0,333333333
10FN18;Planetario;0,2;0,333333333;0,2;3;1
10IN20;Museo de Antioquia;1;1;0,142857143;3;1
10IN20;Biblioteca Pública Piloto;1;1;1;7;3
10IN20;Jardín Botánico;7;1;1;5;1
10IN20;Parque Explora;0,333333333;0,142857143;0,2;1;3
10IN20;Planetario;1;0,333333333;1;0,333333333;1
10FN21;Museo de Antioquia;1;0,333333333;0,2;0,333333333;1
10FN21;Biblioteca Pública Piloto;3;1;1;5;3
10FN21;Jardín Botánico;5;1;1;1;5
10FN21;Parque Explora;3;0,2;1;1;0,333333333
10FN21;Planetario;1;0,333333333;0,2;3;1
10FN22;Museo de Antioquia;1;0,333333333;1;0,142857143;5
10FN22;Biblioteca Pública Piloto;3;1;0,333333333;1;5
10FN22;Jardín Botánico;1;3;1;0,2;7
10FN22;Parque Explora;7;1;5;1;5
10FN22;Planetario;0,2;0,2;0,142857143;0,2;1
10FN23;Museo de Antioquia;1;1;1;1;1
10FN23;Biblioteca Pública Piloto;1;1;1;1;1
10FN23;Jardín Botánico;1;1;1;1;1
10FN23;Parque Explora;1;1;1;1;1
10FN23;Planetario;1;1;1;1;1
10FN24;Museo de Antioquia;1;1;0,333333333;5;0,142857143
10FN24;Biblioteca Pública Piloto;1;1;0,2;3;7
10FN24;Jardín Botánico;3;5;1;3;0,2
10FN24;Parque Explora;0,2;0,333333333;0,333333333;1;0,2
10FN24;Planetario;7;0,142857143;5;5;1
12FN01;Museo de Antioquia;1;0,333333333;5;3;5
12FN01;Biblioteca Pública Piloto;3;1;1;5;5
12FN01;Jardín Botánico;0,2;1;1;3;5
12FN01;Parque Explora;0,333333333;0,2;0,333333333;1;5
12FN01;Planetario;0,2;0,2;0,2;0,2;1
12FN02;Museo de Antioquia;1;3;5;3;7
12FN02;Biblioteca Pública Piloto;0,333333333;1;3;5;3
12FN02;Jardín Botánico;0,2;0,333333333;1;1;1
12FN02;Parque Explora;0,333333333;0,2;1;1;1
12FN02;Planetario;0,142857143;0,333333333;1;1;1
12FN03;Museo de Antioquia;1;5;5;5;5
12FN03;Biblioteca Pública Piloto;0,2;1;9;7;7
12FN03;Jardín Botánico;0,2;0,111111111;1;0,2;0,333333333
12FN03;Parque Explora;0,2;0,142857143;5;1;5
12FN03;Planetario;0,2;0,142857143;3;0,2;1
12FN04;Museo de Antioquia;1;0,2;5;5;5
12FN04;Biblioteca Pública Piloto;5;1;5;5;5
12FN04;Jardín Botánico;0,2;0,2;1;5;5
12FN04;Parque Explora;0,2;0,2;0,2;1;3
12FN04;Planetario;0,2;0,2;0,2;0,333333333;1
12IN08;Museo de Antioquia;1;1;0,2;0,111111111;0,2
12IN08;Biblioteca Pública Piloto;1;1;1;0,111111111;1
12IN08;Jardín Botánico;5;9;1;0,111111111;5
12IN08;Parque Explora;9;9;9;1;5
12IN08;Planetario;5;1;0,2;0,2;1
12IN11;Museo de Antioquia;1;1;1;0,333333333;3
12IN11;Biblioteca Pública Piloto;1;1;0,333333333;0,333333333;3
12IN11;Jardín Botánico;1;3;1;0,333333333;3
12IN11;Parque Explora;3;3;3;1;3
12IN11;Planetario;0,333333333;0,333333333;0,333333333;0,333333333;1
12FN13;Museo de Antioquia;1;0,2;0,2;0,2;5
12FN13;Biblioteca Pública Piloto;5;1;0,2;5;7
12FN13;Jardín Botánico;5;5;1;5;7
12FN13;Parque Explora;5;0,2;0,2;1;5
12FN13;Planetario;0,2;0,2;0,142857143;0,2;1
12FN15;Museo de Antioquia;1;7;0,142857143;0,142857143;7
12FN15;Biblioteca Pública Piloto;0,142857143;1;0,2;0,333333333;0,2
12FN15;Jardín Botánico;7;5;1;7;7
12FN15;Parque Explora;7;3;0,142857143;1;5
12FN15;Planetario;0,142857143;5;0,142857143;0,2;1
12FN17;Museo de Antioquia;1;3;3;0,333333333;3
12FN17;Biblioteca Pública Piloto;0,333333333;1;7;3;3
12FN17;Jardín Botánico;0,333333333;0,142857143;1;0,333333333;0,333333333
12FN17;Parque Explora;3;0,333333333;3;1;3
12FN17;Planetario;0,333333333;0,333333333;3;0,333333333;1
12FN19;Museo de Antioquia;1;3;1;1;3
12FN19;Biblioteca Pública Piloto;0,333333333;1;0,333333333;0,142857143;7
12FN19;Jardín Botánico;1;3;1;7;5
12FN19;Parque Explora;1;7;0,142857143;1;7
12FN19;Planetario;0,333333333;0,142857143;0,2;0,142857143;1
12FN20;Museo de Antioquia;1;9;0,333333333;1;5
12FN20;Biblioteca Pública Piloto;0,111111111;1;0,333333333;0,2;5
12FN20;Jardín Botánico;3;3;1;0,333333333;5
12FN20;Parque Explora;1;5;3;1;5
12FN20;Planetario;0,2;0,2;0,2;0,2;1
12FN21;Museo de Antioquia;1;0,142857143;0,2;0,333333333;5
12FN21;Biblioteca Pública Piloto;7;1;0,2;0,2;5
12FN21;Jardín Botánico;5;5;1;0,2;5
12FN21;Parque Explora;3;5;5;1;7
12FN21;Planetario;0,2;0,2;0,2;0,142857143;1
12FN22;Museo de Antioquia;1;0,111111111;1;1;1
12FN22;Biblioteca Pública Piloto;9;1;5;3;4
12FN22;Jardín Botánico;1;0,2;1;3;1
12FN22;Parque Explora;1;0,333333333;0,333333333;1;1
12FN22;Planetario;1;0,25;1;1;1
12FN23;Museo de Antioquia;1;0,142857143;1;1;1
12FN23;Biblioteca Pública Piloto;7;1;1;1;1
12FN23;Jardín Botánico;1;1;1;1;1
12FN23;Parque Explora;1;1;1;1;1
12FN23;Planetario;1;1;1;1;1
12IN24;Museo de Antioquia;1;0,333333333;0,333333333;0,333333333;0,333333333
12IN24;Biblioteca Pública Piloto;3;1;0,333333333;0,333333333;0,333333333
12IN24;Jardín Botánico;3;3;1;0,2;0,333333333
12IN24;Parque Explora;3;3;5;1;5
12IN24;Planetario;3;3;3;0,2;1
12IN25;Museo de Antioquia;1;5;0,2;0,2;0,2
12IN25;Biblioteca Pública Piloto;0,2;1;0,2;0,2;0,2
12IN25;Jardín Botánico;5;5;1;5;5
12IN25;Parque Explora;5;5;0,2;1;5
12IN25;Planetario;5;5;0,2;0,2;1
13FN18;Museo de Antioquia;1;5;3;3;1
13FN18;Biblioteca Pública Piloto;0,2;1;0,333333333;0,333333333;0,333333333
13FN18;Jardín Botánico;0,333333333;3;1;3;3
13FN18;Parque Explora;0,333333333;3;0,333333333;1;0,333333333
13FN18;Planetario;1;3;0,333333333;3;1
13FN19;Museo de Antioquia;1;3;0,5;0,2;0,333333333
13FN19;Biblioteca Pública Piloto;0,333333333;1;0,2;0,2;0,2
13FN19;Jardín Botánico;2;5;1;1;0,5
13FN19;Parque Explora;5;5;1;1;0,333333333
13FN19;Planetario;3;5;2;3;1
13FN20;Museo de Antioquia;1;5;3;0,2;3
13FN20;Biblioteca Pública Piloto;0,2;1;0,125;0,142857143;0,2
13FN20;Jardín Botánico;0,333333333;5;1;0,2;0,2
13FN20;Parque Explora;5;7;5;1;3
13FN20;Planetario;0,333333333;5;5;0,333333333;1
13FN21;Museo de Antioquia;1;5;1;0,333333333;0,333333333
13FN21;Biblioteca Pública Piloto;0,2;1;0,2;0,2;0,2
13FN21;Jardín Botánico;1;5;1;3;1
13FN21;Parque Explora;3;5;0,333333333;1;0,333333333
13FN21;Planetario;3;5;1;3;1
13IN22;Museo de Antioquia;1;5;1;2;2
13IN22;Biblioteca Pública Piloto;0,2;1;0,333333333;1;1
13IN22;Jardín Botánico;1;3;1;3;3
13IN22;Parque Explora;0,333333333;1;0,333333333;1;3
13IN22;Planetario;0,333333333;1;0,333333333;0,333333333;1
13IN24;Museo de Antioquia;1;3;1;3;3
13IN24;Biblioteca Pública Piloto;0,333333333;1;0,2;0,333333333;0,333333333
13IN24;Jardín Botánico;1;5;1;0,2;0,2
13IN24;Parque Explora;0,333333333;3;5;1;0,333333333
13IN24;Planetario;0,333333333;3;5;3;1
13IN25;Museo de Antioquia;1;5;1;1;0,333333333
13IN25;Biblioteca Pública Piloto;0,2;1;0,2;0,2;0,2
13IN25;Jardín Botánico;1;5;1;0,333333333;0,333333333
13IN25;Parque Explora;1;5;3;1;0,2
13IN25;Planetario;3;5;3;5;1
14IN01;Museo de Antioquia;1;6;3;4;2
14IN01;Biblioteca Pública Piloto;0,166666667;1;4;7;6
14IN01;Jardín Botánico;0,333333333;0,25;1;6;3
14IN01;Parque Explora;0,25;0,142857143;0,166666667;1;4
14IN01;Planetario;0,5;0,166666667;0,333333333;0,25;1
14FN02;Museo de Antioquia;1;2;6;5;4
14FN02;Biblioteca Pública Piloto;0,5;1;3;4;2
14FN02;Jardín Botánico;0,166666667;0,333333333;1;6;7
14FN02;Parque Explora;0,2;0,25;0,166666667;1;3
14FN02;Planetario;0,25;0,5;0,142857143;0,333333333;1
14FN03;Museo de Antioquia;1;7;6;3;5
14FN03;Biblioteca Pública Piloto;0,142857143;1;4;7;4
14FN03;Jardín Botánico;0,166666667;0,25;1;6;7
14FN03;Parque Explora;0,333333333;0,142857143;0,166666667;1;2
14FN03;Planetario;0,2;0,25;0,142857143;0,5;1
14IN04;Museo de Antioquia;1;3;6;4;5
14IN04;Biblioteca Pública Piloto;0,333333333;1;7;3;6
14IN04;Jardín Botánico;0,166666667;0,142857143;1;2;3
14IN04;Parque Explora;0,25;0,333333333;0,5;1;4
14IN04;Planetario;0,2;0,166666667;0,333333333;0,25;1
14IN05;Museo de Antioquia;1;6;3;4;2
14IN05;Biblioteca Pública Piloto;0,166666667;1;4;6;3
14IN05;Jardín Botánico;0,333333333;0,25;1;7;6
14IN05;Parque Explora;0,25;0,166666667;0,142857143;1;4
14IN05;Planetario;0,5;0,333333333;0,166666667;0,25;1
14IN06;Museo de Antioquia;1;3;4;2;2
14IN06;Biblioteca Pública Piloto;0,333333333;1;3;2;2
14IN06;Jardín Botánico;0,25;0,333333333;1;4;3
14IN06;Parque Explora;0,5;0,5;0,25;1;2
14IN06;Planetario;0,5;0,5;0,333333333;0,5;1
14FN07;Museo de Antioquia;1;8;7;5;4
14FN07;Biblioteca Pública Piloto;0,125;1;4;2;3
14FN07;Jardín Botánico;0,142857143;0,25;1;6;6
14FN07;Parque Explora;0,2;0,5;0,166666667;1;7
14FN07;Planetario;0,2;0,25;0,333333333;0,166666667;1
14IN08;Museo de Antioquia;1;8;7;6;6
14IN08;Biblioteca Pública Piloto;0,125;1;4;3;2
14IN08;Jardín Botánico;0,142857143;0,25;1;6;4
14IN08;Parque Explora;0,166666667;0,333333333;0,166666667;1;5
14IN08;Planetario;0,166666667;0,5;0,25;0,2;1
14IN09;Museo de Antioquia;1;7;4;3;6
14IN09;Biblioteca Pública Piloto;0,142857143;1;5;7;4
14IN09;Jardín Botánico;0,25;0,2;1;2;7
14IN09;Parque Explora;0,333333333;0,142857143;0,5;1;3
14IN09;Planetario;0,166666667;0,25;0,142857143;0,333333333;1
14IN10;Museo de Antioquia;1;4;3;5;3
14IN10;Biblioteca Pública Piloto;0,25;1;6;4;2
14IN10;Jardín Botánico;0,333333333;0,166666667;1;6;3
14IN10;Parque Explora;0,2;0,25;0,166666667;1;4
14IN10;Planetario;0,333333333;0,5;0,333333333;0,25;1
14IN11;Museo de Antioquia;1;7;6;3;2
14IN11;Biblioteca Pública Piloto;0,142857143;1;3;4;3
14IN11;Jardín Botánico;0,166666667;0,333333333;1;6;4
14IN11;Parque Explora;0,333333333;0,25;0,166666667;1;5
14IN11;Planetario;0,5;0,333333333;0,25;0,2;1
14IN12;Museo de Antioquia;1;6;4;3;2
14IN12;Biblioteca Pública Piloto;0,166666667;1;6;4;3
14IN12;Jardín Botánico;0,25;0,166666667;1;6;4
14IN12;Parque Explora;0,333333333;0,25;0,166666667;1;5
14IN12;Planetario;0,5;0,333333333;0,25;0,2;1
14IN13;Museo de Antioquia;1;6;5;4;3
14IN13;Biblioteca Pública Piloto;0,166666667;1;4;3;2
14IN13;Jardín Botánico;0,2;0,25;1;5;4
14IN13;Parque Explora;0,25;0,333333333;0,2;1;3
14IN13;Planetario;0,333333333;0,5;0,25;0,333333333;1
14IN14;Museo de Antioquia;1;6;3;4;2
14IN14;Biblioteca Pública Piloto;0,166666667;1;6;3;3
14IN14;Jardín Botánico;0,333333333;0,166666667;1;6;4
14IN14;Parque Explora;0,25;0,333333333;0,166666667;1;6
14IN14;Planetario;0,5;0,333333333;0,25;0,166666667;1
14IN15;Museo de Antioquia;1;7;4;6;2
14IN15;Biblioteca Pública Piloto;0,142857143;1;3;4;3
14IN15;Jardín Botánico;0,25;0,333333333;1;3;4
14IN15;Parque Explora;0,166666667;0,25;0,333333333;1;5
14IN15;Planetario;0,5;0,333333333;0,25;0,2;1
14FN16;Museo de Antioquia;1;8;6;4;2
14FN16;Biblioteca Pública Piloto;0,125;1;3;4;3
14FN16;Jardín Botánico;0,166666667;0,333333333;1;6;4
14FN16;Parque Explora;0,25;0,25;0,166666667;1;6
14FN16;Planetario;0,5;0,333333333;0,25;0,166666667;1
14FN17 ;Museo de Antioquia;1;5;3;6;2
14FN17 ;Biblioteca Pública Piloto;0,2;1;4;3;3
14FN17 ;Jardín Botánico;0,333333333;0,25;1;6;4
14FN17 ;Parque Explora;0,166666667;0,333333333;0,166666667;1;4
14FN17 ;Planetario;0,5;0,333333333;0,25;0,25;1
14FN18;Museo de Antioquia;1;5;6;3;2
14FN18;Biblioteca Pública Piloto;0,2;1;2;3;4
14FN18;Jardín Botánico;0,166666667;0,5;1;6;3
14FN18;Parque Explora;0,333333333;0,333333333;0,166666667;1;5
14FN18;Planetario;0,5;0,25;0,333333333;0,2;1
14IN19;Museo de Antioquia;1;4;6;3;4
14IN19;Biblioteca Pública Piloto;0,25;1;4;3;2
14IN19;Jardín Botánico;0,166666667;0,25;1;5;3
14IN19;Parque Explora;0,333333333;0,333333333;0,2;1;4
14IN19;Planetario;0,25;0,5;0,333333333;0,25;1
14IN20;Museo de Antioquia;1;6;4;6;3
14IN20;Biblioteca Pública Piloto;0,166666667;1;3;2;2
14IN20;Jardín Botánico;0,25;0,333333333;1;6;4
14IN20;Parque Explora;0,166666667;0,5;0,166666667;1;5
14IN20;Planetario;0,333333333;0,5;0,25;0,2;1
14IN22;Museo de Antioquia;1;3;2;1;1
14IN22;Biblioteca Pública Piloto;0,333333333;1;3;2;1
14IN22;Jardín Botánico;0,5;0,333333333;1;5;4
14IN22;Parque Explora;1;0,5;0,2;1;4
14IN22;Planetario;1;1;0,25;0,25;1
14IN23;Museo de Antioquia;1;4;6;3;5
14IN23;Biblioteca Pública Piloto;0,25;1;3;4;3
14IN23;Jardín Botánico;0,166666667;0,333333333;1;6;7
14IN23;Parque Explora;0,333333333;0,25;0,166666667;1;4
14IN23;Planetario;0,2;0,333333333;0,142857143;0,25;1
14IN24;Museo de Antioquia;1;7;4;6;3
14IN24;Biblioteca Pública Piloto;0,142857143;1;6;4;4
14IN24;Jardín Botánico;0,25;0,166666667;1;5;2
14IN24;Parque Explora;0,166666667;0,25;0,2;1;6
14IN24;Planetario;0,333333333;0,25;0,5;0,166666667;1
14FN25;Museo de Antioquia;1;3;4;6;2
14FN25;Biblioteca Pública Piloto;0,333333333;1;3;5;4
14FN25;Jardín Botánico;0,25;0,333333333;1;7;6
14FN25;Parque Explora;0,166666667;0,2;0,142857143;1;3
14FN25;Planetario;0,5;0,25;0,166666667;0,333333333;1
14FN26;Museo de Antioquia;1;4;6;3;4
14FN26;Biblioteca Pública Piloto;0,25;1;5;4;2
14FN26;Jardín Botánico;0,166666667;0,2;1;6;3
14FN26;Parque Explora;0,333333333;0,25;0,166666667;1;5
14FN26;Planetario;0,25;0,5;0,333333333;0,2;1
15FN01;Museo de Antioquia;1;0,333333333;0,333333333;0,142857143;0,2
15FN01;Biblioteca Pública Piloto;3;1;1;0,2;0,333333333
15FN01;Jardín Botánico;3;1;1;0,2;0,333333333
15FN01;Parque Explora;7;5;5;1;9
15FN01;Planetario;5;3;3;0,111111111;1
15IN02;Museo de Antioquia;1;0,2;3;0,142857143;0,333333333
15IN02;Biblioteca Pública Piloto;5;1;3;0,142857143;5
15IN02;Jardín Botánico;0,333333333;0,333333333;1;0,2;0,333333333
15IN02;Parque Explora;7;7;5;1;9
15IN02;Planetario;3;0,2;3;0,111111111;1
15IN03;Museo de Antioquia;1;3;9;0,333333333;7
15IN03;Biblioteca Pública Piloto;0,333333333;1;9;0,2;3
15IN03;Jardín Botánico;0,111111111;0,111111111;1;0,111111111;0,333333333
15IN03;Parque Explora;3;5;9;1;9
15IN03;Planetario;0,142857143;0,333333333;3;0,111111111;1
15FN04;Museo de Antioquia;1;1;0,111111111;0,111111111;0,142857143
15FN04;Biblioteca Pública Piloto;1;1;0,142857143;0,111111111;0,111111111
15FN04;Jardín Botánico;9;7;1;0,333333333;0,333333333
15FN04;Parque Explora;9;9;3;1;3
15FN04;Planetario;7;9;3;0,333333333;1
15FN05;Museo de Antioquia;1;0,142857143;0,142857143;0,333333333;0,333333333
15FN05;Biblioteca Pública Piloto;7;1;0,142857143;0,142857143;0,142857143
15FN05;Jardín Botánico;7;7;1;0,111111111;0,142857143
15FN05;Parque Explora;3;7;9;1;9
15FN05;Planetario;3;7;7;0,111111111;1
15FN06;Museo de Antioquia;1;9;0,142857143;0,2;0,333333333
15FN06;Biblioteca Pública Piloto;0,111111111;1;0,2;0,142857143;0,142857143
15FN06;Jardín Botánico;7;5;1;3;5
15FN06;Parque Explora;5;7;0,333333333;1;0,333333333
15FN06;Planetario;3;7;0,2;3;1
15FN07;Museo de Antioquia;1;1;0,142857143;0,111111111;0,142857143
15FN07;Biblioteca Pública Piloto;1;1;0,2;0,111111111;0,142857143
15FN07;Jardín Botánico;7;5;1;0,111111111;7
15FN07;Parque Explora;9;9;9;1;7
15FN07;Planetario;7;7;0,142857143;0,142857143;1
15FN08;Museo de Antioquia;1;3;5;0,333333333;1
15FN08;Biblioteca Pública Piloto;0,333333333;1;7;0,2;0,142857143
15FN08;Jardín Botánico;0,2;0,142857143;1;0,142857143;0,111111111
15FN08;Parque Explora;3;5;7;1;0,142857143
15FN08;Planetario;1;7;9;7;1
15FN09;Museo de Antioquia;1;0,333333333;0,2;0,142857143;0,2
15FN09;Biblioteca Pública Piloto;3;1;3;0,2;3
15FN09;Jardín Botánico;5;0,333333333;1;0,2;1
15FN09;Parque Explora;7;5;5;1;7
15FN09;Planetario;5;0,333333333;1;0,142857143;1
15FN10;Museo de Antioquia;1;3;0,2;0,2;0,333333333
15FN10;Biblioteca Pública Piloto;0,333333333;1;0,333333333;0,142857143;0,2
15FN10;Jardín Botánico;5;3;1;0,142857143;0,2
15FN10;Parque Explora;5;7;7;1;7
15FN10;Planetario;3;5;5;0,142857143;1
15FN11;Museo de Antioquia;1;5;0,2;0,333333333;0,2
15FN11;Biblioteca Pública Piloto;0,2;1;0,142857143;0,333333333;0,2
15FN11;Jardín Botánico;5;7;1;7;7
15FN11;Parque Explora;3;3;0,142857143;1;3
15FN11;Planetario;5;5;0,142857143;0,333333333;1
15FN12;Museo de Antioquia;1;5;7;5;5
15FN12;Biblioteca Pública Piloto;0,2;1;0,333333333;0,2;3
15FN12;Jardín Botánico;0,142857143;3;1;5;5
15FN12;Parque Explora;0,2;5;0,2;1;3
15FN12;Planetario;0,2;0,333333333;0,2;0,333333333;1
15FN13;Museo de Antioquia;1;3;5;3;5
15FN13;Biblioteca Pública Piloto;0,333333333;1;7;3;9
15FN13;Jardín Botánico;0,2;0,142857143;1;0,111111111;0,333333333
15FN13;Parque Explora;0,333333333;0,333333333;9;1;7
15FN13;Planetario;0,2;0,111111111;3;0,142857143;1
15FN14;Museo de Antioquia;1;0,333333333;0,2;0,142857143;5
15FN14;Biblioteca Pública Piloto;3;1;0,333333333;0,2;5
15FN14;Jardín Botánico;5;3;1;0,333333333;7
15FN14;Parque Explora;7;5;3;1;9
15FN14;Planetario;0,2;0,2;0,142857143;0,111111111;1
15FN15;Museo de Antioquia;1;0,333333333;0,333333333;0,2;0,142857143
15FN15;Biblioteca Pública Piloto;3;1;5;0,333333333;0,2
15FN15;Jardín Botánico;3;0,2;1;0,2;0,2
15FN15;Parque Explora;5;3;5;1;0,2
15FN15;Planetario;7;5;5;5;1
15FN16;Museo de Antioquia;1;3;0,2;0,142857143;0,142857143
15FN16;Biblioteca Pública Piloto;0,333333333;1;0,333333333;0,2;0,142857143
15FN16;Jardín Botánico;5;3;1;0,333333333;0,333333333
15FN16;Parque Explora;7;5;3;1;1
15FN16;Planetario;7;7;3;1;1
15FN17;Museo de Antioquia;1;3;3;0,2;7
15FN17;Biblioteca Pública Piloto;0,333333333;1;5;0,333333333;7
15FN17;Jardín Botánico;0,333333333;0,2;1;0,142857143;9
15FN17;Parque Explora;5;3;7;1;0,111111111
15FN17;Planetario;0,142857143;0,142857143;0,111111111;9;1
15FN18;Museo de Antioquia;1;3;5;0,333333333;0,2
15FN18;Biblioteca Pública Piloto;0,333333333;1;0,333333333;0,142857143;0,142857143
15FN18;Jardín Botánico;0,2;3;1;0,2;0,111111111
15FN18;Parque Explora;3;7;5;1;0,333333333
15FN18;Planetario;5;7;9;3;1
15FN19;Museo de Antioquia;1;0,2;0,142857143;0,333333333;0,111111111
15FN19;Biblioteca Pública Piloto;5;1;0,142857143;0,333333333;9
15FN19;Jardín Botánico;7;7;1;9;9
15FN19;Parque Explora;3;3;0,111111111;1;0,2
15FN19;Planetario;9;0,111111111;0,111111111;5;1
15FN20;Museo de Antioquia;1;3;3;0,333333333;0,333333333
15FN20;Biblioteca Pública Piloto;0,333333333;1;0,333333333;0,2;0,142857143
15FN20;Jardín Botánico;0,333333333;3;1;0,142857143;0,333333333
15FN20;Parque Explora;3;5;7;1;3
15FN20;Planetario;3;7;3;0,333333333;1
15FN21;Museo de Antioquia;1;5;0,333333333;0,2;0,333333333
15FN21;Biblioteca Pública Piloto;0,2;1;0,2;0,142857143;0,2
15FN21;Jardín Botánico;3;5;1;0,333333333;3
15FN21;Parque Explora;5;7;3;1;0,2
15FN21;Planetario;3;5;0,333333333;5;1
15FN22;Museo de Antioquia;1;3;0,2;0,333333333;0,2
15FN22;Biblioteca Pública Piloto;0,333333333;1;0,333333333;0,2;0,333333333
15FN22;Jardín Botánico;5;3;1;0,333333333;0,2
15FN22;Parque Explora;3;5;3;1;0,333333333
15FN22;Planetario;5;3;5;3;1
15FN23;Museo de Antioquia;1;0,333333333;0,333333333;0,142857143;0,2
15FN23;Biblioteca Pública Piloto;3;1;0,2;0,142857143;3
15FN23;Jardín Botánico;3;5;1;0,2;3
15FN23;Parque Explora;7;7;5;1;7
15FN23;Planetario;5;0,333333333;0,333333333;0,142857143;1
15FN24;Museo de Antioquia;1;5;3;0,333333333;0,2
15FN24;Biblioteca Pública Piloto;0,2;1;0,2;0,142857143;0,111111111
15FN24;Jardín Botánico;0,333333333;5;1;0,2;0,142857143
15FN24;Parque Explora;3;7;5;1;7
15FN24;Planetario;5;9;7;0,142857143;1
15FN25;Museo de Antioquia;1;3;0,142857143;0,2;3
15FN25;Biblioteca Pública Piloto;0,333333333;1;0,2;0,333333333;0,2
15FN25;Jardín Botánico;7;5;1;3;5
15FN25;Parque Explora;5;3;0,333333333;1;3
15FN25;Planetario;0,333333333;5;0,2;0,333333333;1
16IN01;Museo de Antioquia;1;0,111111111;0,111111111;0,111111111;1
16IN01;Biblioteca Pública Piloto;9;1;0,2;0,111111111;1
16IN01;Jardín Botánico;9;5;1;0,111111111;1
16IN01;Parque Explora;9;9;9;1;1
16IN01;Planetario;1;1;1;1;1
16FN02;Museo de Antioquia;1;3;0,2;0,333333333;0,333333333
16FN02;Biblioteca Pública Piloto;0,333333333;1;1;5;0,333333333
16FN02;Jardín Botánico;5;1;1;1;0,333333333
16FN02;Parque Explora;3;0,2;1;1;5
16FN02;Planetario;3;3;3;0,2;1
16FN03;Museo de Antioquia;1;1;0,2;0,2;0,333333333
16FN03;Biblioteca Pública Piloto;1;1;0,2;0,2;0,333333333
16FN03;Jardín Botánico;5;5;1;3;5
16FN03;Parque Explora;5;5;0,333333333;1;3
16FN03;Planetario;3;3;0,2;0,333333333;1
16FN04;Museo de Antioquia;1;1;0,333333333;0,2;0,333333333
16FN04;Biblioteca Pública Piloto;1;1;0,2;0,2;0,142857143
16FN04;Jardín Botánico;3;5;1;3;1
16FN04;Parque Explora;5;5;0,333333333;1;0,333333333
16FN04;Planetario;3;7;1;3;1
16FN05;Museo de Antioquia;1;0,333333333;0,333333333;1;1
16FN05;Biblioteca Pública Piloto;3;1;0,2;5;5
16FN05;Jardín Botánico;3;5;1;5;1
16FN05;Parque Explora;1;0,2;0,2;1;3
16FN05;Planetario;1;0,2;1;0,333333333;1
16FN06;Museo de Antioquia;1;3;5;0,333333333;0,2
16FN06;Biblioteca Pública Piloto;0,333333333;1;1;3;0,333333333
16FN06;Jardín Botánico;0,2;1;1;3;0,333333333
16FN06;Parque Explora;3;0,333333333;0,333333333;1;1
16FN06;Planetario;5;3;3;1;1
16FN07;Museo de Antioquia;1;1;0,333333333;0,2;0,333333333
16FN07;Biblioteca Pública Piloto;1;1;0,333333333;1;0,2
16FN07;Jardín Botánico;3;3;1;1;5
16FN07;Parque Explora;5;1;1;1;1
16FN07;Planetario;3;5;0,2;1;1
16FN08;Museo de Antioquia;1;1;0,333333333;0,333333333;0,333333333
16FN08;Biblioteca Pública Piloto;1;1;0,333333333;0,2;0,2
16FN08;Jardín Botánico;3;3;1;3;1
16FN08;Parque Explora;3;5;0,333333333;1;1
16FN08;Planetario;3;5;1;1;1
16FN09;Museo de Antioquia;1;3;0,2;0,2;0,2
16FN09;Biblioteca Pública Piloto;0,333333333;1;0,333333333;5;3
16FN09;Jardín Botánico;5;3;1;0,2;3
16FN09;Parque Explora;5;0,2;5;1;5
16FN09;Planetario;5;0,333333333;0,333333333;0,2;1
16FN10;Museo de Antioquia;1;1;0,333333333;1;3
16FN10;Biblioteca Pública Piloto;1;1;3;0,2;3
16FN10;Jardín Botánico;3;0,333333333;1;5;3
16FN10;Parque Explora;1;5;0,2;1;0,333333333
16FN10;Planetario;0,333333333;0,333333333;0,333333333;3;1
16IN11;Museo de Antioquia;1;0,2;0,333333333;3;5
16IN11;Biblioteca Pública Piloto;5;1;3;0,2;3
16IN11;Jardín Botánico;3;0,333333333;1;0,2;5
16IN11;Parque Explora;0,333333333;5;5;1;0,333333333
16IN11;Planetario;0,2;0,333333333;0,2;3;1
16IN12;Museo de Antioquia;1;3;5;0,333333333;5
16IN12;Biblioteca Pública Piloto;0,333333333;1;0,2;5;0,333333333
16IN12;Jardín Botánico;0,2;5;1;3;0,333333333
16IN12;Parque Explora;3;0,2;0,333333333;1;3
16IN12;Planetario;0,2;3;3;0,333333333;1
16IN13;Museo de Antioquia;1;0,333333333;0,111111111;0,142857143;0,333333333
16IN13;Biblioteca Pública Piloto;3;1;3;5;0,2
16IN13;Jardín Botánico;9;0,333333333;1;3;0,333333333
16IN13;Parque Explora;7;0,2;0,333333333;1;5
16IN13;Planetario;3;5;3;0,2;1
16IN14;Museo de Antioquia;1;0,333333333;3;3;1
16IN14;Biblioteca Pública Piloto;3;1;3;5;1
16IN14;Jardín Botánico;0,333333333;0,333333333;1;1;1
16IN14;Parque Explora;0,333333333;0,2;1;1;1
16IN14;Planetario;1;1;1;1;1
16IN15;Museo de Antioquia;1;3;0,2;3;5
16IN15;Biblioteca Pública Piloto;0,333333333;1;0,142857143;1;1
16IN15;Jardín Botánico;5;7;1;5;7
16IN15;Parque Explora;0,333333333;1;0,2;1;1
16IN15;Planetario;0,2;1;0,142857143;1;1
16IN16;Museo de Antioquia;1;9;9;0,111111111;0,111111111
16IN16;Biblioteca Pública Piloto;0,111111111;1;0,111111111;0,111111111;0,111111111
16IN16;Jardín Botánico;0,111111111;9;1;0,111111111;0,111111111
16IN16;Parque Explora;9;9;9;1;0,111111111
16IN16;Planetario;9;9;9;9;1
16IN17;Museo de Antioquia;1;0,2;0,142857143;0,142857143;0,142857143
16IN17;Biblioteca Pública Piloto;5;1;0,142857143;0,142857143;0,142857143
16IN17;Jardín Botánico;7;7;1;7;7
16IN17;Parque Explora;7;7;0,142857143;1;1
16IN17;Planetario;7;7;0,142857143;1;1
16IE18;Museo de Antioquia;1;1;1;1;1
16IE18;Biblioteca Pública Piloto;1;1;1;1;1
16IE18;Jardín Botánico;1;1;1;1;1
16IE18;Parque Explora;1;1;1;1;1
16IE18;Planetario;1;1;1;1;1
16IE19;Museo de Antioquia;1;1;0,333333333;5;0,2
16IE19;Biblioteca Pública Piloto;1;1;3;3;5
16IE19;Jardín Botánico;3;0,333333333;1;3;5
16IE19;Parque Explora;0,2;0,333333333;0,333333333;1;0,333333333
16IE19;Planetario;5;0,2;0,2;3;1
16IN20;Museo de Antioquia;1;3;0,333333333;0,333333333;0,333333333
16IN20;Biblioteca Pública Piloto;0,333333333;1;0,333333333;0,333333333;0,333333333
16IN20;Jardín Botánico;3;3;1;0,333333333;0,333333333
16IN20;Parque Explora;3;3;3;1;3
16IN20;Planetario;3;3;3;0,333333333;1
16FN21;Museo de Antioquia;1;0,333333333;1;0,333333333;5
16FN21;Biblioteca Pública Piloto;3;1;3;5;0,333333333
16FN21;Jardín Botánico;1;0,333333333;1;1;1
16FN21;Parque Explora;3;0,2;1;1;3
16FN21;Planetario;0,2;3;1;0,333333333;1
16FN22;Museo de Antioquia;1;0,333333333;0,333333333;3;3
16FN22;Biblioteca Pública Piloto;3;1;0,333333333;3;3
16FN22;Jardín Botánico;3;3;1;3;5
16FN22;Parque Explora;0,333333333;0,333333333;0,333333333;1;0,333333333
16FN22;Planetario;0,333333333;0,333333333;0,2;3;1
16FN23;Museo de Antioquia;1;5;0,142857143;0,333333333;0,333333333
16FN23;Biblioteca Pública Piloto;0,2;1;0,111111111;0,142857143;0,142857143
16FN23;Jardín Botánico;7;9;1;7;3
16FN23;Parque Explora;3;7;0,142857143;1;5
16FN23;Planetario;3;7;0,333333333;0,2;1
16FN24;Museo de Antioquia;1;0,333333333;0,2;0,2;0,2
16FN24;Biblioteca Pública Piloto;3;1;0,333333333;0,333333333;0,2
16FN24;Jardín Botánico;5;3;1;0,333333333;3
16FN24;Parque Explora;5;3;3;1;5
16FN24;Planetario;5;5;0,333333333;0,2;1
16FN25;Museo de Antioquia;1;3;5;1;3
16FN25;Biblioteca Pública Piloto;0,333333333;1;0,2;3;0,2
16FN25;Jardín Botánico;0,2;5;1;0,333333333;0,333333333
16FN25;Parque Explora;1;0,333333333;3;1;0,333333333
16FN25;Planetario;0,333333333;5;3;3;1
17IE01;Museo de Antioquia;1;5;7;7;7
17IE01;Biblioteca Pública Piloto;0,2;1;5;5;5
17IE01;Jardín Botánico;0,142857143;0,2;1;3;3
17IE01;Parque Explora;0,142857143;0,2;0,333333333;1;1
17IE01;Planetario;0,142857143;0,2;0,333333333;1;1
17IE02;Museo de Antioquia;1;1;1;1;1
17IE02;Biblioteca Pública Piloto;1;1;1;1;1
17IE02;Jardín Botánico;1;1;1;1;1
17IE02;Parque Explora;1;1;1;1;1
17IE02;Planetario;1;1;1;1;1
17IE03;Museo de Antioquia;1;1;1;1;1
17IE03;Biblioteca Pública Piloto;1;1;1;1;1
17IE03;Jardín Botánico;1;1;1;1;1
17IE03;Parque Explora;1;1;1;1;1
17IE03;Planetario;1;1;1;1;1
17IN04;Museo de Antioquia;1;3;5;5;5
17IN04;Biblioteca Pública Piloto;0,333333333;1;5;5;5
17IN04;Jardín Botánico;0,2;0,2;1;3;1
17IN04;Parque Explora;0,2;0,2;0,333333333;1;1
17IN04;Planetario;0,2;0,2;1;1;1
17IN05;Museo de Antioquia;1;5;7;7;7
17IN05;Biblioteca Pública Piloto;0,2;1;3;5;5
17IN05;Jardín Botánico;0,142857143;0,333333333;1;5;5
17IN05;Parque Explora;0,142857143;0,2;0,2;1;1
17IN05;Planetario;0,142857143;0,2;0,2;1;1
17IN06;Museo de Antioquia;1;0,333333333;0,333333333;0,333333333;0,333333333
17IN06;Biblioteca Pública Piloto;3;1;3;0,333333333;3
17IN06;Jardín Botánico;3;0,333333333;1;0,333333333;3
17IN06;Parque Explora;3;3;3;1;3
17IN06;Planetario;3;0,333333333;0,333333333;0,333333333;1
17IN07;Museo de Antioquia;1;9;0,111111111;0,111111111;0,111111111
17IN07;Biblioteca Pública Piloto;0,111111111;1;7;0,142857143;0,111111111
17IN07;Jardín Botánico;9;0,142857143;1;0,111111111;9
17IN07;Parque Explora;9;7;9;1;9
17IN07;Planetario;9;9;0,111111111;0,111111111;1
17IE09;Museo de Antioquia;1;9;7;9;7
17IE09;Biblioteca Pública Piloto;0,111111111;1;0,2;0,2;0,2
17IE09;Jardín Botánico;0,142857143;5;1;0,142857143;7
17IE09;Parque Explora;0,111111111;5;7;1;5
17IE09;Planetario;0,142857143;5;0,142857143;0,2;1
17IE10;Museo de Antioquia;1;1;1;1;1
17IE10;Biblioteca Pública Piloto;1;1;1;1;1
17IE10;Jardín Botánico;1;1;1;1;1
17IE10;Parque Explora;1;1;1;1;1
17IE10;Planetario;1;1;1;1;1
17FN11;Museo de Antioquia;1;5;0,142857143;7;5
17FN11;Biblioteca Pública Piloto;0,2;1;0,2;5;3
17FN11;Jardín Botánico;7;5;1;3;3
17FN11;Parque Explora;0,142857143;0,2;0,333333333;1;1
17FN11;Planetario;0,2;0,333333333;0,333333333;1;1
17FN12;Museo de Antioquia;1;5;5;3;5
17FN12;Biblioteca Pública Piloto;0,2;1;3;3;3
17FN12;Jardín Botánico;0,2;0,333333333;1;0,333333333;3
17FN12;Parque Explora;0,333333333;0,333333333;3;1;1
17FN12;Planetario;0,2;0,333333333;0,333333333;1;1
17FN13;Museo de Antioquia;1;3;5;3;3
17FN13;Biblioteca Pública Piloto;0,333333333;1;5;3;3
17FN13;Jardín Botánico;0,2;0,2;1;3;3
17FN13;Parque Explora;0,333333333;0,333333333;0,333333333;1;1
17FN13;Planetario;0,333333333;0,333333333;0,333333333;1;1
17FN14;Museo de Antioquia;1;5;3;5;5
17FN14;Biblioteca Pública Piloto;0,2;1;1;5;5
17FN14;Jardín Botánico;0,333333333;1;1;3;3
17FN14;Parque Explora;0,2;0,2;0,333333333;1;3
17FN14;Planetario;0,2;0,2;0,333333333;0,333333333;1
17FN15;Museo de Antioquia;1;5;3;3;3
17FN15;Biblioteca Pública Piloto;0,2;1;3;3;3
17FN15;Jardín Botánico;0,333333333;0,333333333;1;3;3
17FN15;Parque Explora;0,333333333;0,333333333;0,333333333;1;3
17FN15;Planetario;0,333333333;0,333333333;0,333333333;0,333333333;1
17FN16;Museo de Antioquia;1;1;5;1;1
17FN16;Biblioteca Pública Piloto;1;1;1;1;1
17FN16;Jardín Botánico;0,2;1;1;1;1
17FN16;Parque Explora;1;1;1;1;1
17FN16;Planetario;1;1;1;1;1
17FN18;Museo de Antioquia;1;3;3;3;5
17FN18;Biblioteca Pública Piloto;0,333333333;1;5;3;3
17FN18;Jardín Botánico;0,333333333;0,2;1;1;3
17FN18;Parque Explora;0,333333333;0,333333333;1;1;1
17FN18;Planetario;0,2;0,333333333;0,333333333;1;1
17FN19;Museo de Antioquia;1;5;5;5;5
17FN19;Biblioteca Pública Piloto;0,2;1;3;3;3
17FN19;Jardín Botánico;0,2;0,333333333;1;5;5
17FN19;Parque Explora;0,2;0,333333333;0,2;1;1
17FN19;Planetario;0,2;0,333333333;0,2;1;1
17FN20;Museo de Antioquia;1;3;3;3;3
17FN20;Biblioteca Pública Piloto;0,333333333;1;3;3;3
17FN20;Jardín Botánico;0,333333333;0,333333333;1;5;3
17FN20;Parque Explora;0,333333333;0,333333333;0,2;1;1
17FN20;Planetario;0,333333333;0,333333333;0,333333333;1;1
17FN21;Museo de Antioquia;1;0,2;5;0,2;0,333333333
17FN21;Biblioteca Pública Piloto;5;1;5;7;5
17FN21;Jardín Botánico;0,2;0,2;1;0,333333333;5
17FN21;Parque Explora;5;0,142857143;3;1;5
17FN21;Planetario;0,333333333;0,2;0,2;0,2;1
17FN22;Museo de Antioquia;1;3;5;5;5
17FN22;Biblioteca Pública Piloto;0,333333333;1;5;5;5
17FN22;Jardín Botánico;0,2;0,2;1;3;3
17FN22;Parque Explora;0,2;0,2;0,333333333;1;1
17FN22;Planetario;0,2;0,2;0,333333333;1;1
17FN23;Museo de Antioquia;1;3;3;5;5
17FN23;Biblioteca Pública Piloto;0,333333333;1;0,333333333;3;3
17FN23;Jardín Botánico;0,333333333;3;1;3;3
17FN23;Parque Explora;0,2;0,333333333;0,333333333;1;1
17FN23;Planetario;0,2;0,333333333;0,333333333;1;1
17FN24;Museo de Antioquia;1;3;5;5;5
17FN24;Biblioteca Pública Piloto;0,333333333;1;5;5;5
17FN24;Jardín Botánico;0,2;0,2;1;3;3
17FN24;Parque Explora;0,2;0,2;0,333333333;1;3
17FN24;Planetario;0,2;0,2;0,333333333;0,333333333;1
17FN25;Museo de Antioquia;1;3;3;5;5
17FN25;Biblioteca Pública Piloto;0,333333333;1;3;3;3
17FN25;Jardín Botánico;0,333333333;0,333333333;1;0,333333333;3
17FN25;Parque Explora;0,2;0,333333333;3;1;3
17FN25;Planetario;0,2;0,333333333;0,333333333;0,333333333;1
18FN01;Museo de Antioquia;1;0,333333333;0,142857143;0,142857143;0,2
18FN01;Biblioteca Pública Piloto;3;1;0,142857143;0,333333333;1
18FN01;Jardín Botánico;7;7;1;7;9
18FN01;Parque Explora;7;3;0,142857143;1;1
18FN01;Planetario;5;1;0,111111111;1;1
18FN02;Museo de Antioquia;1;0,142857143;0,142857143;0,142857143;1
18FN02;Biblioteca Pública Piloto;7;1;0,142857143;0,142857143;7
18FN02;Jardín Botánico;7;7;1;0,2;0,2
18FN02;Parque Explora;7;7;5;1;7
18FN02;Planetario;1;0,142857143;5;0,142857143;1
18FN04 ;Museo de Antioquia;1;1;0,333333333;0,333333333;1
18FN04 ;Biblioteca Pública Piloto;1;1;0,2;0,333333333;0,333333333
18FN04 ;Jardín Botánico;3;5;1;1;0,333333333
18FN04 ;Parque Explora;3;3;3;1;2
18FN04 ;Planetario;1;3;3;0,5;1
18FN05;Museo de Antioquia;1;1;0,333333333;0,166666667;0,166666667
18FN05;Biblioteca Pública Piloto;1;1;1;1;1
18FN05;Jardín Botánico;3;1;1;0,333333333;0,333333333
18FN05;Parque Explora;6;1;3;1;1
18FN05;Planetario;6;3;3;1;1
18FN06;Museo de Antioquia;1;0,2;0,2;1;1
18FN06;Biblioteca Pública Piloto;5;1;0,2;5;5
18FN06;Jardín Botánico;5;5;1;5;5
18FN06;Parque Explora;1;0,2;0,2;1;1
18FN06;Planetario;1;5;5;1;1
18FN07;Museo de Antioquia;1;0,125;0,125;0,111111111;8
18FN07;Biblioteca Pública Piloto;8;1;8;0,111111111;8
18FN07;Jardín Botánico;8;0,125;1;0,111111111;8
18FN07;Parque Explora;9;9;9;1;7
18FN07;Planetario;0,125;0,125;0,125;0,142857143;1
18FN09;Museo de Antioquia;1;1;0,2;7;7
18FN09;Biblioteca Pública Piloto;1;1;1;1;1
18FN09;Jardín Botánico;5;1;1;9;9
18FN09;Parque Explora;0,142857143;1;0,111111111;1;0,2
18FN09;Planetario;0,142857143;1;0,111111111;5;1
18FN10;Museo de Antioquia;1;1;0,142857143;0,142857143;0,333333333
18FN10;Biblioteca Pública Piloto;1;1;1;1;1
18FN10;Jardín Botánico;7;1;1;3;6
18FN10;Parque Explora;7;1;0,333333333;1;2
18FN10;Planetario;3;1;0,166666667;0,5;1
18FN11;Museo de Antioquia;1;9;0,333333333;0,333333333;5
18FN11;Biblioteca Pública Piloto;0,111111111;1;0,142857143;0,166666667;0,333333333
18FN11;Jardín Botánico;3;7;1;1;3
18FN11;Parque Explora;3;6;1;1;5
18FN11;Planetario;0,2;3;0,333333333;0,2;1
18FN12;Museo de Antioquia;1;3;0,111111111;0,333333333;1
18FN12;Biblioteca Pública Piloto;0,333333333;1;0,111111111;0,166666667;0,333333333
18FN12;Jardín Botánico;9;9;1;0,5;0,2
18FN12;Parque Explora;3;6;2;1;1
18FN12;Planetario;1;3;5;1;1
18FN13;Museo de Antioquia;1;5;0,142857143;0,111111111;0,142857143
18FN13;Biblioteca Pública Piloto;0,2;1;0,142857143;0,111111111;0,142857143
18FN13;Jardín Botánico;7;9;1;0,333333333;1
18FN13;Parque Explora;9;9;3;1;3
18FN13;Planetario;7;7;1;0,333333333;1
18FN14;Museo de Antioquia;1;5;0,142857143;0,2;0,2
18FN14;Biblioteca Pública Piloto;0,2;1;0,333333333;0,5;0,333333333
18FN14;Jardín Botánico;7;3;1;1;7
18FN14;Parque Explora;5;2;1;1;1
18FN14;Planetario;5;3;0,142857143;1;1
18IN15;Museo de Antioquia;1;1;1;5;1
18IN15;Biblioteca Pública Piloto;1;1;1;7;1
18IN15;Jardín Botánico;1;1;1;3;3
18IN15;Parque Explora;0,2;0,142857143;0,333333333;1;0,2
18IN15;Planetario;1;1;0,333333333;5;1
18IE16;Museo de Antioquia;1;1;0,333333333;0,2;1
18IE16;Biblioteca Pública Piloto;1;1;1;1;1
18IE16;Jardín Botánico;3;1;1;0,333333333;1
18IE16;Parque Explora;5;1;3;1;1
18IE16;Planetario;1;1;1;1;1
18IE17;Museo de Antioquia;1;1;0,2;1;1
18IE17;Biblioteca Pública Piloto;1;1;1;1;1
18IE17;Jardín Botánico;5;1;1;5;7
18IE17;Parque Explora;1;1;0,2;1;1
18IE17;Planetario;1;1;0,142857143;1;1
18IE18;Museo de Antioquia;1;1;0,25;1;1
18IE18;Biblioteca Pública Piloto;4;1;1;1;1
18IE18;Jardín Botánico;1;1;1;1;1
18IE18;Parque Explora;1;1;1;1;1
18IE18;Planetario;1;1;1;1;1
18IE19;Museo de Antioquia;1;1;1;1;1
18IE19;Biblioteca Pública Piloto;1;1;1;1;1
18IE19;Jardín Botánico;1;1;1;1;1
18IE19;Parque Explora;1;1;1;1;1
18IE19;Planetario;1;1;1;1;1
18IN20 ;Museo de Antioquia;1;5;0,2;0,2;0,2
18IN20 ;Biblioteca Pública Piloto;0,2;1;0,2;0,2;0,2
18IN20 ;Jardín Botánico;5;5;1;0,166666667;0,166666667
18IN20 ;Parque Explora;5;5;6;1;0,2
18IN20 ;Planetario;5;5;5;5;1
18IE21;Museo de Antioquia;1;1;3;1;1
18IE21;Biblioteca Pública Piloto;1;1;1;1;1
18IE21;Jardín Botánico;0,333333333;1;1;1;1
18IE21;Parque Explora;1;1;1;1;1
18IE21;Planetario;1;1;1;1;1
18IN23;Museo de Antioquia;1;1;5;1;1
18IN23;Biblioteca Pública Piloto;1;1;3;1;3
18IN23;Jardín Botánico;0,2;0,333333333;1;7;7
18IN23;Parque Explora;1;1;7;1;0,333333333
18IN23;Planetario;1;0,333333333;0,142857143;3;1
18IN24;Museo de Antioquia;1;1;7;7;1
18IN24;Biblioteca Pública Piloto;1;1;1;1;1
18IN24;Jardín Botánico;0,142857143;1;1;0,142857143;1
18IN24;Parque Explora;0,142857143;1;7;1;1
18IN24;Planetario;1;1;1;1;1
18FN25;Museo de Antioquia;1;0,333333333;0,142857143;0,333333333;1
18FN25;Biblioteca Pública Piloto;3;1;0,333333333;0,2;1
18FN25;Jardín Botánico;7;3;1;3;1
18FN25;Parque Explora;3;5;0,333333333;1;1
18FN25;Planetario;1;1;1;1;1
19IN02;Museo de Antioquia;1;0,166666667;6;0,125;0,111111111
19IN02;Biblioteca Pública Piloto;6;1;8;0,111111111;8
19IN02;Jardín Botánico;0,166666667;0,125;1;0,142857143;0,25
19IN02;Parque Explora;8;9;7;1;0,125
19IN02;Planetario;9;0,125;4;8;1
19IN05;Museo de Antioquia;1;1;9;7;9
19IN05;Biblioteca Pública Piloto;0,111111111;1;1;1;1
19IN05;Jardín Botánico;0,111111111;1;1;7;9
19IN05;Parque Explora;0,142857143;1;0,142857143;1;9
19IN05;Planetario;0,111111111;1;0,111111111;0,111111111;1
19IN07;Museo de Antioquia;1;1;0,142857143;9;0,142857143
19IN07;Biblioteca Pública Piloto;1;1;1;1;1
19IN07;Jardín Botánico;7;1;1;9;7
19IN07;Parque Explora;0,111111111;1;0,111111111;1;7
19IN07;Planetario;7;1;0,142857143;0,142857143;1
19FN10;Museo de Antioquia;1;0,142857143;0,111111111;0,111111111;1
19FN10;Biblioteca Pública Piloto;7;1;1;0,2;1
19FN10;Jardín Botánico;9;1;1;0,111111111;1
19FN10;Parque Explora;9;5;9;1;1
19FN10;Planetario;1;1;1;1;1
19FN11;Museo de Antioquia;1;1;0,111111111;0,111111111;0,142857143
19FN11;Biblioteca Pública Piloto;1;1;1;1;1
19FN11;Jardín Botánico;9;1;1;7;9
19FN11;Parque Explora;9;1;0,142857143;1;7
19FN11;Planetario;7;1;0,111111111;0,142857143;1
19FN14;Museo de Antioquia;1;1;0,111111111;9;9
19FN14;Biblioteca Pública Piloto;1;1;1;1;1
19FN14;Jardín Botánico;9;1;1;9;9
19FN14;Parque Explora;0,111111111;1;0,111111111;1;7
19FN14;Planetario;0,111111111;1;0,111111111;0,142857143;1
19FN15;Museo de Antioquia;1;8;0,166666667;0,166666667;0,2
19FN15;Biblioteca Pública Piloto;0,125;1;0,125;0,166666667;0,166666667
19FN15;Jardín Botánico;6;8;1;4;0,2
19FN15;Parque Explora;6;6;0,25;1;0,25
19FN15;Planetario;5;6;5;4;1
19FN16;Museo de Antioquia;1;1;1;0,111111111;0,111111111
19FN16;Biblioteca Pública Piloto;1;1;1;1;1
19FN16;Jardín Botánico;1;1;1;1;1
19FN16;Parque Explora;9;1;1;1;8
19FN16;Planetario;9;1;1;0,125;1
19FN18;Museo de Antioquia;1;1;0,111111111;0,111111111;1
19FN18;Biblioteca Pública Piloto;1;1;1;1;1
19FN18;Jardín Botánico;9;2;1;9;1
19FN18;Parque Explora;9;1;0,111111111;1;1
19FN18;Planetario;1;1;1;1;1
19FN19;Museo de Antioquia;1;1;0,142857143;0,125;0,111111111
19FN19;Biblioteca Pública Piloto;1;1;1;1;1
19FN19;Jardín Botánico;7;1;1;0,125;0,111111111
19FN19;Parque Explora;8;1;8;1;9
19FN19;Planetario;9;1;9;0,111111111;1
19FN20;Museo de Antioquia;1;0,125;0,111111111;0,111111111;1
19FN20;Biblioteca Pública Piloto;8;1;0,125;0,111111111;1
19FN20;Jardín Botánico;9;8;1;0,142857143;1
19FN20;Parque Explora;9;9;7;1;1
19FN20;Planetario;1;1;1;1;1
19FN21;Museo de Antioquia;1;1;0,111111111;1;1
19FN21;Biblioteca Pública Piloto;1;1;1;1;1
19FN21;Jardín Botánico;9;1;1;1;1
19FN21;Parque Explora;1;1;1;1;1
19FN21;Planetario;1;1;1;1;1
19FN22;Museo de Antioquia;1;1;9;1;1
19FN22;Biblioteca Pública Piloto;1;1;1;1;1
19FN22;Jardín Botánico;0,111111111;1;1;1;1
19FN22;Parque Explora;1;1;1;1;1
19FN22;Planetario;1;1;1;1;1
19FN23;Museo de Antioquia;1;1;0,111111111;0,111111111;0,111111111
19FN23;Biblioteca Pública Piloto;1;1;1;1;1
19FN23;Jardín Botánico;9;1;1;0,111111111;8
19FN23;Parque Explora;9;1;9;1;0,111111111
19FN23;Planetario;9;1;0,125;9;1
19FN24;Museo de Antioquia;1;5;0,333333333;0,2;1
19FN24;Biblioteca Pública Piloto;0,2;1;0,2;0,142857143;1
19FN24;Jardín Botánico;3;5;1;0,2;1
19FN24;Parque Explora;5;7;5;1;1
19FN24;Planetario;1;1;1;1;1
19FN25;Museo de Antioquia;1;1;0,2;0,2;0,142857143
19FN25;Biblioteca Pública Piloto;1;1;1;1;1
19FN25;Jardín Botánico;5;1;1;0,2;0,142857143
19FN25;Parque Explora;5;1;5;1;0,142857143
19FN25;Planetario;7;1;7;7;1
20FN01;Museo de Antioquia;1;0,333333333;0,333333333;0,111111111;0,111111111
20FN01;Biblioteca Pública Piloto;3;1;0,142857143;0,142857143;0,333333333
20FN01;Jardín Botánico;3;7;1;5;5
20FN01;Parque Explora;9;7;0,2;1;0,111111111
20FN01;Planetario;9;3;0,2;9;1
20FN02;Museo de Antioquia;1;7;0,333333333;0,333333333;7
20FN02;Biblioteca Pública Piloto;0,142857143;1;0,111111111;0,142857143;0,333333333
20FN02;Jardín Botánico;3;9;1;9;5
20FN02;Parque Explora;3;7;0,111111111;1;0,2
20FN02;Planetario;7;3;0,2;5;1
20FN03;Museo de Antioquia;1;5;0,142857143;0,333333333;0,333333333
20FN03;Biblioteca Pública Piloto;0,2;1;9;0,333333333;0,2
20FN03;Jardín Botánico;7;0,111111111;1;0,333333333;0,142857143
20FN03;Parque Explora;3;3;3;1;0,2
20FN03;Planetario;3;5;7;5;1
20FN04;Museo de Antioquia;1;5;5;0,142857143;1
20FN04;Biblioteca Pública Piloto;0,2;1;1;0,333333333;0,2
20FN04;Jardín Botánico;0,2;1;1;0,333333333;1
20FN04;Parque Explora;7;3;3;1;5
20FN04;Planetario;1;5;1;0,2;1
20FN05;Museo de Antioquia;1;5;1;0,2;3
20FN05;Biblioteca Pública Piloto;0,2;1;0,333333333;0,142857143;0,333333333
20FN05;Jardín Botánico;1;3;1;0,142857143;5
20FN05;Parque Explora;5;7;7;1;9
20FN05;Planetario;0,333333333;3;0,2;0,111111111;1
20FN06;Museo de Antioquia;1;5;0,111111111;0,333333333;5
20FN06;Biblioteca Pública Piloto;0,2;1;0,142857143;0,333333333;5
20FN06;Jardín Botánico;9;7;1;0,2;3
20FN06;Parque Explora;3;3;5;1;3
20FN06;Planetario;0,2;0,2;0,333333333;0,333333333;1
20FN07;Museo de Antioquia;1;5;7;0,2;0,142857143
20FN07;Biblioteca Pública Piloto;0,2;1;0,142857143;0,142857143;0,2
20FN07;Jardín Botánico;0,142857143;7;1;0,142857143;0,2
20FN07;Parque Explora;5;7;7;1;0,142857143
20FN07;Planetario;7;5;5;7;1
20FN08;Museo de Antioquia;1;3;3;0,333333333;0,111111111
20FN08;Biblioteca Pública Piloto;0,333333333;1;0,142857143;0,2;0,333333333
20FN08;Jardín Botánico;0,333333333;7;1;0,2;0,333333333
20FN08;Parque Explora;3;5;5;1;0,2
20FN08;Planetario;9;3;3;5;1
20FN09;Museo de Antioquia;1;0,142857143;0,2;0,2;5
20FN09;Biblioteca Pública Piloto;7;1;0,333333333;3;9
20FN09;Jardín Botánico;5;3;1;0,142857143;3
20FN09;Parque Explora;5;0,333333333;7;1;5
20FN09;Planetario;0,2;0,111111111;0,333333333;0,2;1
20FN10;Museo de Antioquia;1;0,111111111;0,333333333;0,142857143;0,333333333
20FN10;Biblioteca Pública Piloto;9;1;0,333333333;0,142857143;0,111111111
20FN10;Jardín Botánico;3;3;1;7;7
20FN10;Parque Explora;7;7;0,142857143;1;0,2
20FN10;Planetario;3;9;0,142857143;5;1
20FN11;Museo de Antioquia;1;0,333333333;0,142857143;3;0,142857143
20FN11;Biblioteca Pública Piloto;3;1;0,2;7;0,2
20FN11;Jardín Botánico;7;5;1;3;7
20FN11;Parque Explora;0,333333333;0,142857143;0,333333333;1;0,142857143
20FN11;Planetario;7;5;0,142857143;7;1
20FN12;Museo de Antioquia;1;0,2;0,2;7;0,2
20FN12;Biblioteca Pública Piloto;5;1;0,2;1;0,333333333
20FN12;Jardín Botánico;5;5;1;3;7
20FN12;Parque Explora;0,142857143;1;0,333333333;1;0,2
20FN12;Planetario;5;3;0,142857143;5;1
20FN13;Museo de Antioquia;1;9;0,333333333;0,333333333;7
20FN13;Biblioteca Pública Piloto;0,111111111;1;0,2;0,333333333;5
20FN13;Jardín Botánico;3;5;1;5;7
20FN13;Parque Explora;3;3;0,2;1;7
20FN13;Planetario;0,142857143;0,2;0,142857143;0,142857143;1
20FN14;Museo de Antioquia;1;0,333333333;0,2;0,111111111;5
20FN14;Biblioteca Pública Piloto;3;1;3;3;0,333333333
20FN14;Jardín Botánico;5;0,333333333;1;0,333333333;9
20FN14;Parque Explora;9;0,333333333;3;1;0,142857143
20FN14;Planetario;0,2;3;0,111111111;7;1
20FN15;Museo de Antioquia;1;3;1;1;0,2
20FN15;Biblioteca Pública Piloto;0,333333333;1;1;1;1
20FN15;Jardín Botánico;1;1;1;1;1
20FN15;Parque Explora;1;1;1;1;1
20FN15;Planetario;5;1;1;1;1
20FN16;Museo de Antioquia;1;3;0,333333333;0,2;0,111111111
20FN16;Biblioteca Pública Piloto;0,333333333;1;0,142857143;0,142857143;0,2
20FN16;Jardín Botánico;3;7;1;0,2;7
20FN16;Parque Explora;5;7;5;1;3
20FN16;Planetario;9;5;0,142857143;0,333333333;1
20FN17;Museo de Antioquia;1;5;0,2;0,333333333;7
20FN17;Biblioteca Pública Piloto;0,2;1;0,142857143;0,142857143;0,142857143
20FN17;Jardín Botánico;5;7;1;5;9
20FN17;Parque Explora;3;7;0,2;1;7
20FN17;Planetario;0,142857143;7;0,111111111;0,142857143;1
20FN18;Museo de Antioquia;1;0,142857143;9;0,2;0,333333333
20FN18;Biblioteca Pública Piloto;7;1;7;0,333333333;0,333333333
20FN18;Jardín Botánico;0,111111111;0,142857143;1;0,2;0,2
20FN18;Parque Explora;5;3;5;1;0,142857143
20FN18;Planetario;3;3;5;7;1
20FN19;Museo de Antioquia;1;0,142857143;0,333333333;0,142857143;0,333333333
20FN19;Biblioteca Pública Piloto;7;1;0,2;0,2;0,142857143
20FN19;Jardín Botánico;3;5;1;0,111111111;0,2
20FN19;Parque Explora;7;5;9;1;0,2
20FN19;Planetario;3;7;5;5;1
20FN20;Museo de Antioquia;1;5;0,142857143;0,142857143;0,333333333
20FN20;Biblioteca Pública Piloto;0,2;1;0,142857143;0,142857143;0,142857143
20FN20;Jardín Botánico;7;7;1;5;5
20FN20;Parque Explora;7;7;0,2;1;7
20FN20;Planetario;3;7;0,2;0,142857143;1
20FN21;Museo de Antioquia;1;1;1;1;7
20FN21;Biblioteca Pública Piloto;1;1;0,142857143;0,2;5
20FN21;Jardín Botánico;1;7;1;1;5
20FN21;Parque Explora;1;5;1;1;5
20FN21;Planetario;0,142857143;0,2;5;5;1
20FN22;Museo de Antioquia;1;0,142857143;0,142857143;0,142857143;0,333333333
20FN22;Biblioteca Pública Piloto;7;1;3;7;3
20FN22;Jardín Botánico;7;0,333333333;1;0,142857143;0,333333333
20FN22;Parque Explora;7;0,142857143;7;1;9
20FN22;Planetario;3;0,333333333;3;0,111111111;1
20FN23;Museo de Antioquia;1;3;0,142857143;0,111111111;7
20FN23;Biblioteca Pública Piloto;0,333333333;1;5;7;1
20FN23;Jardín Botánico;7;0,2;1;1;1
20FN23;Parque Explora;9;0,142857143;1;1;3
20FN23;Planetario;0,142857143;1;1;0,333333333;1
20FN24;Museo de Antioquia;1;3;0,2;0,111111111;0,2
20FN24;Biblioteca Pública Piloto;0,333333333;1;0,142857143;0,111111111;0,2
20FN24;Jardín Botánico;5;7;1;7;5
20FN24;Parque Explora;9;9;0,142857143;1;3
20FN24;Planetario;5;5;0,2;0,333333333;1
21FN01;Museo de Antioquia;1;5;5;5;5
21FN01;Biblioteca Pública Piloto;0,2;1;7;7;7
21FN01;Jardín Botánico;0,2;0,142857143;1;3;5
21FN01;Parque Explora;0,2;0,142857143;0,333333333;1;3
21FN01;Planetario;0,2;0,142857143;0,2;0,333333333;1
21FN02;Museo de Antioquia;1;0,2;0,333333333;7;5
21FN02;Biblioteca Pública Piloto;5;1;5;5;5
21FN02;Jardín Botánico;3;0,2;1;7;7
21FN02;Parque Explora;0,142857143;0,2;0,142857143;1;0,2
21FN02;Planetario;0,2;0,2;0,142857143;5;1
21FN04;Museo de Antioquia;1;5;0,2;5;5
21FN04;Biblioteca Pública Piloto;0,2;1;7;7;7
21FN04;Jardín Botánico;5;0,142857143;1;7;7
21FN04;Parque Explora;0,2;0,142857143;0,142857143;1;0,142857143
21FN04;Planetario;0,2;0,142857143;0,142857143;7;1
21FN05;Museo de Antioquia;1;0,142857143;3;0,111111111;0,111111111
21FN05;Biblioteca Pública Piloto;7;1;5;1;1
21FN05;Jardín Botánico;0,333333333;0,2;1;0,2;0,2
21FN05;Parque Explora;9;1;5;1;1
21FN05;Planetario;9;1;5;1;1
21FN06;Museo de Antioquia;1;5;0,142857143;0,2;0,2
21FN06;Biblioteca Pública Piloto;0,2;1;0,142857143;0,142857143;0,142857143
21FN06;Jardín Botánico;7;7;1;7;7
21FN06;Parque Explora;5;7;0,142857143;1;0,142857143
21FN06;Planetario;5;7;0,142857143;7;1
21FN07;Museo de Antioquia;1;0,2;0,333333333;0,333333333;0,333333333
21FN07;Biblioteca Pública Piloto;5;1;5;5;5
21FN07;Jardín Botánico;3;0,2;1;3;3
21FN07;Parque Explora;3;0,2;0,333333333;1;1
21FN07;Planetario;3;0,2;0,333333333;1;1
21FN08;Museo de Antioquia;1;0,142857143;5;5;5
21FN08;Biblioteca Pública Piloto;7;1;7;7;7
21FN08;Jardín Botánico;0,2;0,142857143;1;5;5
21FN08;Parque Explora;0,2;0,142857143;0,2;1;3
21FN08;Planetario;0,2;0,142857143;0,2;0,333333333;1
21FN09;Museo de Antioquia;1;7;0,142857143;7;7
21FN09;Biblioteca Pública Piloto;0,142857143;1;0,142857143;0,142857143;0,142857143
21FN09;Jardín Botánico;7;7;1;7;7
21FN09;Parque Explora;0,142857143;7;0,142857143;1;7
21FN09;Planetario;0,142857143;7;0,142857143;0,142857143;1
21FN10;Museo de Antioquia;1;5;5;0,2;0,2
21FN10;Biblioteca Pública Piloto;0,2;1;5;0,2;5
21FN10;Jardín Botánico;0,2;0,2;1;0,2;0,2
21FN10;Parque Explora;5;5;5;1;5
21FN10;Planetario;5;0,2;5;0,2;1
21FN11;Museo de Antioquia;1;7;0,142857143;0,111111111;0,111111111
21FN11;Biblioteca Pública Piloto;0,142857143;1;0,142857143;0,111111111;0,142857143
21FN11;Jardín Botánico;7;7;1;0,111111111;0,142857143
21FN11;Parque Explora;9;9;9;1;9
21FN11;Planetario;9;7;7;0,111111111;1
21FN12;Museo de Antioquia;1;7;0,111111111;7;7
21FN12;Biblioteca Pública Piloto;0,142857143;1;0,111111111;0,142857143;0,142857143
21FN12;Jardín Botánico;9;9;1;0,142857143;0,142857143
21FN12;Parque Explora;0,142857143;7;7;1;0,142857143
21FN12;Planetario;0,142857143;7;7;7;1
21FN13;Museo de Antioquia;1;0,333333333;0,333333333;1;1
21FN13;Biblioteca Pública Piloto;3;1;0,333333333;3;3
21FN13;Jardín Botánico;3;3;1;3;3
21FN13;Parque Explora;1;0,333333333;0,333333333;1;1
21FN13;Planetario;1;0,333333333;0,333333333;1;1
21FN14;Museo de Antioquia;1;0,2;0,2;0,142857143;0,2
21FN14;Biblioteca Pública Piloto;5;1;0,2;0,142857143;0,2
21FN14;Jardín Botánico;5;5;1;5;3
21FN14;Parque Explora;7;7;0,2;1;5
21FN14;Planetario;5;5;0,333333333;0,2;1
21FN15;Museo de Antioquia;1;0,111111111;7;0,111111111;0,142857143
21FN15;Biblioteca Pública Piloto;9;1;7;9;1
21FN15;Jardín Botánico;0,142857143;0,142857143;1;0,2;0,2
21FN15;Parque Explora;9;0,111111111;5;1;0,333333333
21FN15;Planetario;7;1;5;3;1
21FN16;Museo de Antioquia;1;5;3;7;7
21FN16;Biblioteca Pública Piloto;0,2;1;3;5;5
21FN16;Jardín Botánico;0,333333333;0,333333333;1;5;5
21FN16;Parque Explora;0,142857143;0,2;0,2;1;1
21FN16;Planetario;0,142857143;0,2;0,2;1;1
21FN17;Museo de Antioquia;1;5;7;5;5
21FN17;Biblioteca Pública Piloto;0,2;1;7;3;3
21FN17;Jardín Botánico;0,142857143;0,142857143;1;0,333333333;0,333333333
21FN17;Parque Explora;0,2;0,333333333;3;1;1
21FN17;Planetario;0,2;0,333333333;3;1;1
21IN18;Museo de Antioquia;1;7;5;3;3
21IN18;Biblioteca Pública Piloto;0,142857143;1;7;5;3
21IN18;Jardín Botánico;0,2;0,142857143;1;7;7
21IN18;Parque Explora;0,333333333;0,2;0,142857143;1;1
21IN18;Planetario;0,333333333;0,333333333;0,142857143;1;1
21IN19;Museo de Antioquia;1;3;3;3;3
21IN19;Biblioteca Pública Piloto;0,333333333;1;3;3;3
21IN19;Jardín Botánico;0,333333333;0,333333333;1;3;3
21IN19;Parque Explora;0,333333333;0,333333333;0,333333333;1;3
21IN19;Planetario;0,333333333;0,333333333;0,333333333;0,333333333;1
21IN20;Museo de Antioquia;1;5;5;5;5
21IN20;Biblioteca Pública Piloto;0,2;1;0,2;0,2;0,2
21IN20;Jardín Botánico;0,2;5;1;0,2;0,2
21IN20;Parque Explora;0,2;5;5;1;3
21IN20;Planetario;0,2;5;5;0,333333333;1
21IN21;Museo de Antioquia;1;5;5;5;5
21IN21;Biblioteca Pública Piloto;0,2;1;0,333333333;3;3
21IN21;Jardín Botánico;0,2;3;1;3;3
21IN21;Parque Explora;0,2;0,333333333;0,333333333;1;3
21IN21;Planetario;0,2;0,333333333;0,333333333;0,333333333;1
21IN22;Museo de Antioquia;1;5;5;5;5
21IN22;Biblioteca Pública Piloto;0,2;1;7;0,2;7
21IN22;Jardín Botánico;0,2;0,142857143;1;0,2;0,2
21IN22;Parque Explora;0,2;5;5;1;5
21IN22;Planetario;0,2;0,142857143;5;0,2;1
21IN23;Museo de Antioquia;1;5;3;3;3
21IN23;Biblioteca Pública Piloto;0,2;1;0,333333333;0,2;0,2
21IN23;Jardín Botánico;0,333333333;3;1;5;5
21IN23;Parque Explora;0,333333333;5;0,2;1;3
21IN23;Planetario;0,333333333;5;0,2;0,333333333;1
21IN24;Museo de Antioquia;1;7;5;5;5
21IN24;Biblioteca Pública Piloto;0,142857143;1;5;5;5
21IN24;Jardín Botánico;0,2;0,2;1;5;5
21IN24;Parque Explora;0,2;0,2;0,2;1;3
21IN24;Planetario;0,2;0,2;0,2;0,333333333;1
21IN25;Museo de Antioquia;1;7;0,2;7;7
21IN25;Biblioteca Pública Piloto;0,142857143;1;0,2;3;3
21IN25;Jardín Botánico;5;5;1;5;5
21IN25;Parque Explora;0,142857143;0,333333333;0,2;1;1
21IN25;Planetario;0,142857143;0,333333333;0,2;1;1
